﻿<?xml version="1.0" encoding="utf-8" ?>
<Defs>

  <ThingSetMakerDef>
    <defName>MapGen_DefaultStockpile</defName>
    <debugParams>
      <countRange>
        <min>8</min>
        <max>8</max>
      </countRange>
      <totalMarketValueRange>
        <min>1000</min>
        <max>1000</max>
      </totalMarketValueRange>
    </debugParams>
    <root Class="ThingSetMaker_RandomOption">
      <options>
        <li>
          <weight>1</weight>
          <thingSetMaker Class="ThingSetMaker_MarketValue">
            <fixedParams>
              <maxThingMarketValue>300</maxThingMarketValue>
              <filter>
                <categories>
                  <li>Weapons</li>
                </categories>
                <disallowedThingDefs>
                  <li>WoodLog</li>
                  <li>ElephantTusk</li>
                </disallowedThingDefs>
                <thingSetMakerTagsToDisallow>
                  <li>RewardSpecial</li>
                </thingSetMakerTagsToDisallow>
              </filter>
            </fixedParams>
          </thingSetMaker>
        </li>
        <li>
          <weight>1</weight>
          <thingSetMaker Class="ThingSetMaker_MarketValue">
            <fixedParams>
              <maxThingMarketValue>300</maxThingMarketValue>
              <filter>
                <categories>
                  <li>Apparel</li>
                </categories>
                <thingSetMakerTagsToDisallow>
                  <li>RewardSpecial</li>
                </thingSetMakerTagsToDisallow>
              </filter>
            </fixedParams>
          </thingSetMaker>
        </li>
        <li>
          <weight>1</weight>
          <thingSetMaker Class="ThingSetMaker_MarketValue">
            <fixedParams>
              <maxThingMarketValue>300</maxThingMarketValue>
              <filter>
                <categories>
                  <li>ResourcesRaw</li>
                </categories>
                <thingSetMakerTagsToDisallow>
                  <li>RewardSpecial</li>
                </thingSetMakerTagsToDisallow>
              </filter>
            </fixedParams>
          </thingSetMaker>
        </li>
        <li>
          <weight>1</weight>
          <thingSetMaker Class="ThingSetMaker_RandomGeneralGoods" />
        </li>
      </options>
    </root>
  </ThingSetMakerDef>

  <ThingSetMakerDef>
    <defName>MapGen_AncientTempleContents</defName>
    <root Class="ThingSetMaker_Sum">
      <options>
        <li>
          <chance>0.8</chance>
          <thingSetMaker Class="ThingSetMaker_StackCount">
            <fixedParams>
              <filter>
                <thingDefs>
                  <li>Luciferium</li>
                </thingDefs>
              </filter>
              <countRange>
                <min>5</min>
                <max>20</max>
              </countRange>
            </fixedParams>
          </thingSetMaker>
        </li>
        <li>
          <chance>0.4</chance>
          <thingSetMaker Class="ThingSetMaker_StackCount">
            <fixedParams>
              <filter>
                <thingDefs>
                  <li>ComponentSpacer</li>
                </thingDefs>
              </filter>
              <countRange>
                <min>1</min>
                <max>4</max>
              </countRange>
            </fixedParams>
          </thingSetMaker>
        </li>
        <li>
          <chance>0.4</chance>
          <thingSetMaker Class="ThingSetMaker_StackCount">
            <fixedParams>
              <filter>
                <thingDefs>
                  <li>MedicineUltratech</li>
                </thingDefs>
              </filter>
              <countRange>
                <min>2</min>
                <max>8</max>
              </countRange>
            </fixedParams>
          </thingSetMaker>
        </li>
        <li>
          <chance>0.6</chance>
          <thingSetMaker Class="ThingSetMaker_Count">
            <fixedParams>
              <filter>
                <categories>
                  <li>Artifacts</li>
                </categories>
              </filter>
              <countRange>
                <min>1</min>
                <max>2</max>
              </countRange>
            </fixedParams>
          </thingSetMaker>
        </li>
        <li>
          <chance>0.9</chance>
          <thingSetMaker Class="ThingSetMaker_Count">
            <fixedParams>
              <qualityGenerator>Reward</qualityGenerator>
              <filter>
                <thingDefs>
                  <li>Apparel_PowerArmor</li>
                  <li>Apparel_PowerArmorHelmet</li>
                  <li>Gun_ChargeRifle</li>
                  <li>Gun_ChargeLance</li>
                  <li>Gun_AssaultRifle</li>
                  <li>MechSerumNeurotrainer</li>
                  <li>TechprofSubpersonaCore</li>
                  <li>ArchotechEye</li>
                  <li>ArchotechArm</li>
                  <li>ArchotechLeg</li>
                  <li>PowerClaw</li>
                  <li>BionicEye</li>
                  <li>BionicArm</li>
                  <li>BionicLeg</li>
                  <li>BionicSpine</li>
                  <li>BionicHeart</li>
                  <li>Joywire</li>
                  <li>Painstopper</li>
                  <li>Shell_AntigrainWarhead</li>
                  <li>MechSerumHealer</li>
                  <li>MechSerumResurrector</li>
                  <li>FlatscreenTelevision</li>
                  <li>MegascreenTelevision</li>
                  <li>SculptureGrand</li>
                </thingDefs>
                <thingSetMakerTagsToAllow>
                  <li>SingleUseWeapon</li>
                </thingSetMakerTagsToAllow>
              </filter>
            </fixedParams>
          </thingSetMaker>
        </li>
      </options>
    </root>
  </ThingSetMakerDef>

  <ThingSetMakerDef>
    <defName>MapGen_AncientPodContents</defName>
    <root Class="ThingSetMaker_MapGen_AncientPodContents" />
  </ThingSetMakerDef>

  <ThingSetMakerDef>
    <defName>MapGen_PrisonCellStockpile</defName>
    <debugParams>
      <countRange>
        <min>8</min>
        <max>8</max>
      </countRange>
    </debugParams>
    <root Class="ThingSetMaker_Sum">
      <options>
        <li>
          <thingSetMaker Class="ThingSetMaker_Nutrition">
            <fixedParams>
              <filter>
                <categories>
                  <li>Foods</li>
                </categories>
                <disallowedThingDefs>
                  <li>InsectJelly</li>
                </disallowedThingDefs>
                <disallowWorsePreferability>RawBad</disallowWorsePreferability>
                <disallowWithComp>CompHatcher</disallowWithComp>
                <disallowInedibleByHuman>true</disallowInedibleByHuman>
              </filter>
              <totalNutritionRange>
                <min>4</min>
                <max>8</max>
              </totalNutritionRange>
            </fixedParams>
          </thingSetMaker>
        </li>
      </options>
    </root>
  </ThingSetMakerDef>

</Defs>
