﻿<?xml version="1.0" encoding="utf-8" ?>
<Defs>

  <RecipeDef Abstract="True" Name="SurgeryFlesh">
    <effectWorking>Surgery</effectWorking>
    <soundWorking>Recipe_Surgery</soundWorking>
    <workSpeedStat>MedicalOperationSpeed</workSpeedStat>
    <workSkill>Medicine</workSkill>
    <workSkillLearnFactor>16</workSkillLearnFactor>
  </RecipeDef>

  <!-- Anesthetize -->

  <RecipeDef ParentName="SurgeryFlesh">
    <defName>Anesthetize</defName>
    <label>anesthetize</label>
    <description>Render a creature unconscious by administering general anesthetic.</description>
    <workerClass>Recipe_Surgery</workerClass>
    <jobString>Anesthetizing.</jobString>
    <workAmount>0</workAmount>
    <hideBodyPartNames>true</hideBodyPartNames>
    <targetsBodyPart>false</targetsBodyPart>
    <surgerySuccessChanceFactor>2</surgerySuccessChanceFactor>
    <ingredients>
      <li>
        <filter>
          <categories>
            <li>Medicine</li>
          </categories>
        </filter>
        <count>1</count>
      </li>
    </ingredients>
    <fixedIngredientFilter>
      <categories>
        <li>Medicine</li>
      </categories>
    </fixedIngredientFilter>
  </RecipeDef>

  <!-- Euthanasia -->

  <RecipeDef ParentName="SurgeryFlesh">
    <defName>Euthanize</defName>
    <label>euthanize by cut</label>
    <description>Euthanize a creature by cutting.</description>
    <workerClass>Recipe_ExecuteByCut</workerClass>
    <jobString>Euthanizing by cutting.</jobString>
    <workAmount>500</workAmount>
    <hideBodyPartNames>true</hideBodyPartNames>
    <isViolation>true</isViolation>
    <targetsBodyPart>false</targetsBodyPart>
    <surgerySuccessChanceFactor>5</surgerySuccessChanceFactor>
    <ingredients>
      <li>
        <filter>
          <categories>
            <li>Medicine</li>
          </categories>
        </filter>
        <count>1</count>
      </li>
    </ingredients>
    <fixedIngredientFilter>
      <categories>
        <li>Medicine</li>
      </categories>
    </fixedIngredientFilter>
  </RecipeDef>

  <!-- removing hediffs (e.g. diseases) -->

  <RecipeDef ParentName="SurgeryFlesh">
    <defName>ExciseCarcinoma</defName>
    <label>excise carcinoma</label>
    <description>Excise a carcinoma.</description>
    <workerClass>Recipe_RemoveHediff</workerClass>
    <jobString>Excising carcinoma.</jobString>
    <workAmount>4500</workAmount>
    <removesHediff>Carcinoma</removesHediff>
    <successfullyRemovedHediffMessage>{0} has successfully excised {1}'s carcinoma.</successfullyRemovedHediffMessage>
    <deathOnFailedSurgeryChance>0.25</deathOnFailedSurgeryChance>
    <skillRequirements>
      <Medicine>10</Medicine>
    </skillRequirements>
    <ingredients>
      <li>
        <filter>
          <categories>
            <li>Medicine</li>
          </categories>
        </filter>
        <count>6</count>
      </li>
    </ingredients>
    <fixedIngredientFilter>
      <categories>
        <li>Medicine</li>
      </categories>
      <disallowedThingDefs>
        <li>MedicineHerbal</li>
      </disallowedThingDefs>
    </fixedIngredientFilter>
  </RecipeDef>

  <!-- removing body parts -->

  <RecipeDef ParentName="SurgeryFlesh">
    <defName>RemoveBodyPart</defName>
    <label>remove part</label>
    <description>Remove a body part.</description>
    <workerClass>Recipe_RemoveBodyPart</workerClass>
    <jobString>Removing body part.</jobString>
    <workAmount>2000</workAmount>
    <surgerySuccessChanceFactor>1.2</surgerySuccessChanceFactor>
    <ingredients>
      <li>
        <filter>
          <categories>
            <li>Medicine</li>
          </categories>
        </filter>
        <count>1</count>
      </li>
    </ingredients>
    <fixedIngredientFilter>
      <categories>
        <li>Medicine</li>
      </categories>
    </fixedIngredientFilter>
  </RecipeDef>

  <!-- special administer -->

  <RecipeDef>
    <defName>AdministerMechSerumHealer</defName>
    <label>administer healer mech serum</label>
    <description>Administer a healer mech serum.</description>
    <workerClass>Recipe_AdministerUsableItem</workerClass>
    <jobString>Administering healer mech serum.</jobString>
    <targetsBodyPart>false</targetsBodyPart>
    <anesthetize>false</anesthetize>
    <workAmount>600</workAmount>
    <dontShowIfAnyIngredientMissing>true</dontShowIfAnyIngredientMissing>
    <surgerySuccessChanceFactor>99999</surgerySuccessChanceFactor>
    <ingredients>
      <li>
        <filter>
          <thingDefs>
            <li>MechSerumHealer</li>
          </thingDefs>
        </filter>
        <count>1</count>
      </li>
    </ingredients>
    <fixedIngredientFilter>
      <thingDefs>
        <li>MechSerumHealer</li>
      </thingDefs>
    </fixedIngredientFilter>
  </RecipeDef>

</Defs>
