﻿<?xml version="1.0" encoding="utf-8" ?>
<Defs>

  <StatDef>
    <defName>StuffPower_Armor_Sharp</defName>
    <label>Armor - Sharp</label>
    <description>Armor against sharp damage like bullets, knife stabs, and animal bites.</description>
    <category>StuffStatFactors</category>
    <defaultBaseValue>0</defaultBaseValue>
    <minValue>0</minValue>
    <toStringStyle>PercentZero</toStringStyle>
    <showIfUndefined>false</showIfUndefined>
    <displayPriorityInCategory>100</displayPriorityInCategory>
  </StatDef>

  <StatDef>
    <defName>StuffPower_Armor_Blunt</defName>
    <label>Armor - Blunt</label>
    <description>Armor against blunt damage like club impacts, rock falls, and explosions.</description>
    <category>StuffStatFactors</category>
    <defaultBaseValue>0</defaultBaseValue>
    <minValue>0</minValue>
    <toStringStyle>PercentZero</toStringStyle>
    <showIfUndefined>false</showIfUndefined>
    <displayPriorityInCategory>90</displayPriorityInCategory>
  </StatDef>

  <StatDef>
    <defName>StuffPower_Armor_Heat</defName>
    <label>Armor - Heat</label>
    <description>Armor against temperature-related damage like burns.</description>
    <category>StuffStatFactors</category>
    <defaultBaseValue>0</defaultBaseValue>
    <minValue>0</minValue>
    <toStringStyle>PercentZero</toStringStyle>
    <showIfUndefined>false</showIfUndefined>
    <displayPriorityInCategory>80</displayPriorityInCategory>
  </StatDef>

  <StatDef>
    <defName>StuffPower_Insulation_Cold</defName>
    <label>Insulation - Cold</label>
    <description>How much an apparel made of this material improves a wearer's minimum comfortable temperature when worn.</description>
    <category>StuffStatFactors</category>
    <defaultBaseValue>0</defaultBaseValue>
    <hideAtValue>0</hideAtValue>
    <toStringStyle>TemperatureOffset</toStringStyle>
  </StatDef>

  <StatDef>
    <defName>StuffPower_Insulation_Heat</defName>
    <label>Insulation - Heat</label>
    <description>How much an apparel made of this material improves a wearer's maximum comfortable temperature when worn.</description>
    <category>StuffStatFactors</category>
    <defaultBaseValue>0</defaultBaseValue>
    <hideAtValue>0</hideAtValue>
    <toStringStyle>TemperatureOffset</toStringStyle>
  </StatDef>

</Defs>
