﻿<?xml version="1.0" encoding="utf-8" ?>
<Defs>

  <StatDef>
    <defName>StuffEffectMultiplierInsulation_Cold</defName>
    <label>Insulation - Cold - Material effect multiplier</label>
    <category>Apparel</category>
    <defaultBaseValue>0</defaultBaseValue>
    <minValue>0</minValue>
    <alwaysHide>true</alwaysHide>
  </StatDef>

  <StatDef>
    <defName>StuffEffectMultiplierInsulation_Heat</defName>
    <label>Insulation - Heat - Material effect multiplier</label>
    <category>Apparel</category>
    <defaultBaseValue>0</defaultBaseValue>
    <minValue>0</minValue>
    <alwaysHide>true</alwaysHide>
  </StatDef>

  <StatDef>
    <defName>StuffEffectMultiplierArmor</defName>
    <label>Armor - Material effect multiplier</label>
    <category>Apparel</category>
    <defaultBaseValue>0</defaultBaseValue>
    <minValue>0</minValue>
    <alwaysHide>true</alwaysHide>
  </StatDef>

  <StatDef Name="ArmorRatingBase" Abstract="True">
    <category>Apparel</category>
    <defaultBaseValue>0</defaultBaseValue>
    <minValue>0</minValue>
    <hideAtValue>0</hideAtValue>
    <maxValue>2</maxValue>
    <toStringStyle>PercentOne</toStringStyle>
    <parts> 
      <li Class="StatPart_Quality">
        <factorAwful>0.60</factorAwful>
        <factorPoor>0.80</factorPoor>
        <factorNormal>1.00</factorNormal>
        <factorGood>1.15</factorGood>
        <factorExcellent>1.30</factorExcellent>
        <factorMasterwork>1.45</factorMasterwork>
        <factorLegendary>1.80</factorLegendary>
      </li>
    </parts>
  </StatDef>

  <StatDef ParentName="ArmorRatingBase">
    <defName>ArmorRating_Sharp</defName>
    <label>Armor - Sharp</label>
    <description>The chance to affect sharp damage like bullets, knife stabs, explosions, and animal bites.\n\nUpon taking damage, first this armor rating is reduced by the attack's armor penetration value. The remaining armor rating is then compared against a random number from 0 to 100.\n\n    -If the random number is under half the armor rating, the damage deflects harmlessly.\n    -If the random number is over half the armor rating, but not higher than the armor rating, the damage is mitigated. This means it is converted into blunt damage and reduced by half.\n    -If the random number is greater than the armor rating, the armor has no effect.\n\nFor example, at 90% armor rating against an attack with 10% armor penetration, there is a 40% chance of deflecting the attack harmlessly, and a 40% chance of mitigating the damage.\n\nIn the case of apparel armor, each layer of apparel applies its armor to the attack separately, from the outside in.</description>
    <displayPriorityInCategory>60</displayPriorityInCategory>
    <parts>
      <li Class="StatPart_Stuff">
        <priority>100</priority>
        <stuffPowerStat>StuffPower_Armor_Sharp</stuffPowerStat>
        <multiplierStat>StuffEffectMultiplierArmor</multiplierStat>
      </li>
    </parts>
  </StatDef>

  <StatDef ParentName="ArmorRatingBase">
    <defName>ArmorRating_Blunt</defName>
    <label>Armor - Blunt</label>
    <description>The chance to affect blunt damage like fists, club impacts and rock falls.\n\nUpon taking damage, first this armor rating is reduced by the attack's armor penetration value. The remaining armor rating is then compared against a random number from 0 to 100.\n\n    -If the random number is under half the armor rating, the damage deflects harmlessly.\n    -If the random number is over half the armor rating, but not higher than the armor rating, the damage is mitigated. This means it is reduced by half.\n    -If the random number is greater than the armor rating, the armor has no effect.\n\nFor example, at 90% armor rating against an attack with 10% armor penetration, there is a 40% chance of deflecting the attack harmlessly, and a 40% chance of mitigating the damage.\n\nIn the case of apparel armor, each layer of apparel applies its armor to the attack separately, from the outside in.</description>
    <displayPriorityInCategory>50</displayPriorityInCategory>
    <parts>
      <li Class="StatPart_Stuff">
        <priority>100</priority>
        <stuffPowerStat>StuffPower_Armor_Blunt</stuffPowerStat>
        <multiplierStat>StuffEffectMultiplierArmor</multiplierStat>
      </li>
    </parts>
  </StatDef>

  <StatDef ParentName="ArmorRatingBase">
    <defName>ArmorRating_Heat</defName>
    <label>Armor - Heat</label>
    <description>The chance to affect temperature-related damage like burns.\n\nUpon taking damage, first this armor rating is reduced by the attack's armor penetration value. The remaining armor rating is then compared against a random number from 0 to 100.\n\n    -If the random number is under half the armor rating, the damage deflects harmlessly.\n    -If the random number is over half the armor rating, but not higher than the armor rating, the damage is mitigated. This means it is reduced by half.\n    -If the random number is greater than the armor rating, the armor has no effect.\n\nFor example, at 90% armor rating against an attack with 10% armor penetration, there is a 40% chance of deflecting the attack harmlessly, and a 40% chance of mitigating the damage.\n\nIn the case of apparel armor, each layer of apparel applies its armor to the attack separately, from the outside in.</description>
    <displayPriorityInCategory>40</displayPriorityInCategory>
    <parts>
      <li Class="StatPart_Stuff">
        <priority>100</priority>
        <stuffPowerStat>StuffPower_Armor_Heat</stuffPowerStat>
        <multiplierStat>StuffEffectMultiplierArmor</multiplierStat>
      </li>
    </parts>
  </StatDef>

  <StatDef Name="InsulationBase" Abstract="True">
    <category>Apparel</category>
    <defaultBaseValue>0</defaultBaseValue>
    <hideAtValue>0</hideAtValue>
    <minValue>-9999</minValue>
    <maxValue>9999</maxValue>
    <toStringStyle>TemperatureOffset</toStringStyle>
    <showOnPawns>false</showOnPawns>
    <parts>
      <li Class="StatPart_Quality">
        <factorAwful>0.8</factorAwful>
        <factorPoor>0.9</factorPoor>
        <factorNormal>1</factorNormal>
        <factorGood>1.1</factorGood>
        <factorExcellent>1.2</factorExcellent>
        <factorMasterwork>1.5</factorMasterwork>
        <factorLegendary>1.8</factorLegendary>
        <applyToNegativeValues>true</applyToNegativeValues>
      </li>
    </parts>
  </StatDef>

  <StatDef ParentName="InsulationBase">
    <defName>Insulation_Cold</defName>
    <label>Insulation - Cold</label>
    <description>How much this apparel improves a wearer's minimum comfortable temperature. Greater values allow surviving in colder temperatures.</description>
    <parts>
      <li Class="StatPart_Stuff">
        <priority>100</priority>
        <stuffPowerStat>StuffPower_Insulation_Cold</stuffPowerStat>
        <multiplierStat>StuffEffectMultiplierInsulation_Cold</multiplierStat>
      </li>
    </parts>
  </StatDef>

  <StatDef ParentName="InsulationBase">
    <defName>Insulation_Heat</defName>
    <label>Insulation - Heat</label>
    <description>How much this apparel improves a wearer's maximum comfortable temperature. Greater values allow surviving in warmer temperatures.</description>
    <parts>
      <li Class="StatPart_Stuff">
        <priority>100</priority>
        <stuffPowerStat>StuffPower_Insulation_Heat</stuffPowerStat>
        <multiplierStat>StuffEffectMultiplierInsulation_Heat</multiplierStat>
      </li>
    </parts>
  </StatDef>

  <StatDef>
    <defName>EnergyShieldEnergyMax</defName>
    <label>Shield max energy</label>
    <description>The maximum energy a shield belt can have at one time. More energy absorbs more damage.</description>
    <category>Apparel</category>
    <minValue>0</minValue>
    <toStringStyle>PercentZero</toStringStyle>
    <showIfUndefined>false</showIfUndefined>
    <parts>
      <li Class="StatPart_Quality">
        <factorAwful>0.6</factorAwful>
        <factorPoor>0.8</factorPoor>
        <factorNormal>1</factorNormal>
        <factorGood>1.2</factorGood>
        <factorExcellent>1.4</factorExcellent>
        <factorMasterwork>1.7</factorMasterwork>
        <factorLegendary>2.1</factorLegendary>
      </li>
    </parts>
  </StatDef>

  <StatDef>
    <defName>EnergyShieldRechargeRate</defName>
    <label>Shield recharge rate</label>
    <description>The rate at which a shield gains energy as long as it is not broken.</description>
    <category>Apparel</category>
    <minValue>0</minValue>
    <defaultBaseValue>0.45</defaultBaseValue>
    <toStringStyle>PercentZero</toStringStyle>
    <formatString>{0}/s</formatString>
    <showIfUndefined>false</showIfUndefined>
    <parts>
      <li Class="StatPart_Quality">
        <factorAwful>0.9</factorAwful>
        <factorPoor>0.95</factorPoor>
        <factorNormal>1</factorNormal>
        <factorGood>1.05</factorGood>
        <factorExcellent>1.1</factorExcellent>
        <factorMasterwork>1.2</factorMasterwork>
        <factorLegendary>1.3</factorLegendary>
      </li>
    </parts>
  </StatDef>

  <StatDef>
    <defName>SmokepopBeltRadius</defName>
    <label>Smokepop belt radius</label>
    <description>The area obscured when a smokepop belt detonates.</description>
    <category>Apparel</category>
    <defaultBaseValue>3</defaultBaseValue>
    <minValue>0</minValue>
    <toStringStyle>FloatOne</toStringStyle>
    <formatString>{0} c</formatString>
    <showIfUndefined>false</showIfUndefined>
    <parts>
      <li Class="StatPart_Quality">
        <factorAwful>0.84</factorAwful>
        <factorPoor>0.92</factorPoor>
        <factorNormal>1</factorNormal>
        <factorGood>1.08</factorGood>
        <factorExcellent>1.16</factorExcellent>
        <factorMasterwork>1.3</factorMasterwork>
        <factorLegendary>1.5</factorLegendary>
      </li>
    </parts>
  </StatDef>

  <StatDef>
    <defName>EquipDelay</defName>
    <label>equip delay</label>
    <description>The time it takes to equip and unequip this item.</description>
    <category>Apparel</category>
    <defaultBaseValue>1</defaultBaseValue>
    <minValue>0</minValue>
    <toStringStyle>FloatMaxOne</toStringStyle>
    <formatString>{0} s</formatString>
    <showOnPawns>false</showOnPawns>
  </StatDef>

</Defs>
