﻿<?xml version="1.0" encoding="utf-8" ?>
<Defs>

  <StatDef>
    <defName>MedicalPotency</defName>
    <label>medical potency</label>
    <description>How effective this is when used to tend wounds and diseases, or do surgery. Higher medical potency improves the quality of tending, and acts as a multiplier on the chance of success during surgery. Medical potency is just one factor in medical outcomes, among many others, including doctor ability, equipment, cleanliness, and luck.</description>
    <category>BasicsNonPawn</category>
    <defaultBaseValue>0.0</defaultBaseValue>
    <minValue>0.2</minValue>
    <toStringStyle>PercentZero</toStringStyle>
    <showIfUndefined>false</showIfUndefined>
  </StatDef>

  <StatDef>
    <defName>MedicalQualityMax</defName>
    <label>medical tend quality maximum</label>
    <description>The maximum quality of medical tending that can be achieved while using this. Better tend quality allows skilled doctors to treat wounds better, as well as more reliably.</description>
    <category>BasicsNonPawn</category>
    <defaultBaseValue>1.0</defaultBaseValue>
    <minValue>0.0</minValue>
    <toStringStyle>PercentZero</toStringStyle>
    <showIfUndefined>false</showIfUndefined>
  </StatDef>

  <StatDef>
    <defName>ConstructionSpeedFactor</defName>
    <label>construction speed</label>
    <description>The speed at which buildings made of this are constructed is multiplied by this value. Some materials, like stone, are slow to build from, while others, like wood, are fast.</description>
    <category>BasicsNonPawn</category>
    <defaultBaseValue>1</defaultBaseValue>
    <minValue>0.1</minValue>
    <toStringStyle>PercentZero</toStringStyle>
    <hideAtValue>1</hideAtValue>
  </StatDef>

</Defs>
