﻿<?xml version="1.0" encoding="utf-8" ?>
<Defs>

	<!-- Surgical cut: Makes it possible to remove inner organs without harming outer body parts -->
	<DamageDef ParentName="CutBase">
		<defName>SurgicalCut</defName>
		<label>surgical cut</label>
    <workerClass>DamageWorker_AddInjury</workerClass>
		<deathMessage>{0} has died during surgery.</deathMessage>
		<hediff>SurgicalCut</hediff>
		<harmAllLayersUntilOutside>false</harmAllLayersUntilOutside>
		<hasForcefulImpact>false</hasForcefulImpact>
		<canInterruptJobs>false</canInterruptJobs>
		<impactSoundType />
		<armorCategory />
	</DamageDef>

	<!-- Execution cut: Makes it possible to distinguish execution damage from others -->
	<DamageDef ParentName="CutBase">
		<defName>ExecutionCut</defName>
		<label>execution cut</label>
    <workerClass>DamageWorker_AddInjury</workerClass>
		<execution>true</execution>
		<deathMessage>{0} has been executed by cutting.</deathMessage>
		<hasForcefulImpact>false</hasForcefulImpact>
		<canInterruptJobs>false</canInterruptJobs>
    <impactSoundType />
    <armorCategory />
	</DamageDef>

</Defs>
