﻿<?xml version="1.0" encoding="utf-8"?>
<Defs>

  <PawnColumnDef>
    <defName>Gender</defName>
    <workerClass>PawnColumnWorker_Gender</workerClass>
    <sortable>true</sortable>
  </PawnColumnDef>

  <PawnColumnDef>
    <defName>LifeStage</defName>
    <workerClass>PawnColumnWorker_LifeStage</workerClass>
    <sortable>true</sortable>
  </PawnColumnDef>

  <PawnColumnDef>
    <defName>Pregnant</defName>
    <workerClass>PawnColumnWorker_Pregnant</workerClass>
    <sortable>true</sortable>
  </PawnColumnDef>

  <PawnColumnDef>
    <defName>Bond</defName>
    <headerTip>Bond</headerTip>
    <workerClass>PawnColumnWorker_Bond</workerClass>
    <headerIcon>UI/Icons/Animal/Bond</headerIcon>
    <sortable>true</sortable>
  </PawnColumnDef>

  <PawnColumnDef>
    <defName>Info</defName>
    <workerClass>PawnColumnWorker_Info</workerClass>
    <headerTip>Info</headerTip>
  </PawnColumnDef>

  <PawnColumnDef>
    <defName>Predator</defName>
    <workerClass>PawnColumnWorker_Predator</workerClass>
  </PawnColumnDef>

</Defs>
