﻿<?xml version="1.0" encoding="utf-8" ?>

<Defs>
  <ImpactSoundTypeDef>
    <defName>Bullet</defName>
  </ImpactSoundTypeDef>

  <ImpactSoundTypeDef>
    <defName>Slice</defName>
  </ImpactSoundTypeDef>

  <ImpactSoundTypeDef>
    <defName>Blunt</defName>
  </ImpactSoundTypeDef>

  <ImpactSoundTypeDef>
    <defName>Electric</defName>
  </ImpactSoundTypeDef>

  <ImpactSoundTypeDef>
    <defName>Tornado</defName>
    <playOnlyIfHitPawn>true</playOnlyIfHitPawn>
  </ImpactSoundTypeDef>
</Defs>
