﻿<?xml version="1.0" encoding="utf-8" ?>
<Defs>

  <PawnKindDef Abstract="True" Name="BasePlayerPawnKind">
    <race>Human</race>
    <combatPower>30</combatPower>
    <isFighter>false</isFighter>
    <apparelIgnoreSeasons>true</apparelIgnoreSeasons>
    <forceNormalGearQuality>true</forceNormalGearQuality>
  </PawnKindDef>

  <PawnKindDef ParentName="BasePlayerPawnKind">
    <defName>Colonist</defName>
    <label>colonist</label>
    <defaultFactionType>PlayerColony</defaultFactionType>
    <backstoryCategories>
      <li>Civil</li>
    </backstoryCategories>
    <chemicalAddictionChance>0.06</chemicalAddictionChance>
    <apparelTags>
      <li>IndustrialBasic</li>
    </apparelTags>
    <apparelAllowHeadgearChance>0</apparelAllowHeadgearChance>
    <apparelMoney>
      <min>350</min>
      <max>600</max>
    </apparelMoney>
    <backstoryCryptosleepCommonality>1</backstoryCryptosleepCommonality>
    <techHediffsChance>0.03</techHediffsChance>
    <techHediffsMoney>
      <min>50</min>
      <max>800</max>
    </techHediffsMoney>
    <techHediffsTags>
      <li>Poor</li>
      <li>Simple</li>
    </techHediffsTags>
  </PawnKindDef>

  <PawnKindDef ParentName="BasePlayerPawnKind">
    <defName>Tribesperson</defName>
    <label>member</label>
    <race>Human</race>
    <defaultFactionType>PlayerTribe</defaultFactionType>
    <backstoryCategories>
      <li>Tribal</li>
    </backstoryCategories>
    <chemicalAddictionChance>0.05</chemicalAddictionChance>
    <apparelTags>
      <li>Neolithic</li>
    </apparelTags>
    <apparelMoney>
      <min>200</min>
      <max>200</max>
    </apparelMoney>
    <backstoryCryptosleepCommonality>0</backstoryCryptosleepCommonality>
    <techHediffsMoney>
      <min>50</min>
      <max>50</max>
    </techHediffsMoney>
    <techHediffsTags>
      <li>Poor</li>
    </techHediffsTags>
    <techHediffsChance>0.02</techHediffsChance>
  </PawnKindDef>

</Defs>
