﻿<?xml version="1.0" encoding="utf-8" ?>
<Defs>

  <!--======================= Requiring nothing =======================-->

  <JoyKindDef>
    <defName>Meditative</defName>
    <label>solitary relaxation</label>
    <needsThing>false</needsThing>
  </JoyKindDef>

  <JoyKindDef>
    <defName>Social</defName>
    <label>social interaction</label>
    <needsThing>false</needsThing>
  </JoyKindDef>

  <!--======================= Building use =======================-->

  <!-- horseshoes/hoopstone, billiards -->
  <JoyKindDef>
    <defName>Gaming_Dexterity</defName>
    <label>dexterity play</label>
  </JoyKindDef>

  <!-- chess/game-of-ur, poker -->
  <JoyKindDef>
    <defName>Gaming_Cerebral</defName>
    <label>cerebral play</label>
  </JoyKindDef>

  <!-- tube TV, flatscreen TV, megascreen TV -->
  <JoyKindDef>
    <defName>Television</defName>
    <label>television watching</label>
  </JoyKindDef>

  <!-- telescope, TODO, TODO -->
  <JoyKindDef>
    <defName>Telescope</defName>
    <label>telescope study</label>
  </JoyKindDef>

  <!--======================= Item consumption =======================-->

  <JoyKindDef>
    <defName>Chemical</defName>
    <label>chemical consumption</label>
  </JoyKindDef>

  <JoyKindDef>
    <defName>Gluttonous</defName>
    <label>food consumption</label>
  </JoyKindDef>

</Defs>
