﻿<?xml version="1.0" encoding="utf-8" ?>
<Defs>

  <PawnsArrivalModeDef>
    <defName>EdgeWalkIn</defName>
    <workerClass>PawnsArrivalModeWorker_EdgeWalkIn</workerClass>
    <selectionWeightCurve>
      <points>
        <li>(250, 100)</li>
        <li>(800, 40)</li>
      </points>
    </selectionWeightCurve>
    <textEnemy>A group of {0} from {1} have arrived nearby.</textEnemy>
    <textFriendly>A group of friendly {0} from {1} have arrived nearby.</textFriendly>
  </PawnsArrivalModeDef>

  <PawnsArrivalModeDef>
    <defName>EdgeDrop</defName>
    <workerClass>PawnsArrivalModeWorker_EdgeDrop</workerClass>
    <selectionWeightCurve>
      <points>
        <li>(250, 0)</li>
        <li>(800, 30)</li>
      </points>
    </selectionWeightCurve>
    <minTechLevel>Industrial</minTechLevel>
    <textEnemy>A group of {0} from {1} have arrived in transport pods nearby.</textEnemy>
    <textFriendly>A group of friendly {0} from {1} have arrived in transport pods nearby.</textFriendly>
    <forQuickMilitaryAid>true</forQuickMilitaryAid>
  </PawnsArrivalModeDef>

  <PawnsArrivalModeDef>
    <defName>EdgeWalkInGroups</defName>
    <workerClass>PawnsArrivalModeWorker_EdgeWalkInGroups</workerClass>
    <selectionWeightCurve>
      <points>
        <li>(250, 0)</li>
        <li>(800, 15)</li>
      </points>
    </selectionWeightCurve>
    <pointsFactorCurve>
      <points>
        <li>0, 0.9</li>
      </points>
    </pointsFactorCurve>
    <textEnemy>Several separate groups of {0} from {1} have arrived nearby.</textEnemy>
    <textFriendly>Several separate groups of friendly {0} from {1} have arrived nearby.</textFriendly>
  </PawnsArrivalModeDef>

  <PawnsArrivalModeDef>
    <defName>EdgeDropGroups</defName>
    <workerClass>PawnsArrivalModeWorker_EdgeDropGroups</workerClass>
    <selectionWeightCurve>
      <points>
        <li>(250, 0)</li>
        <li>(800, 15)</li>
      </points>
    </selectionWeightCurve>
    <pointsFactorCurve>
      <points>
        <li>0, 0.9</li>
      </points>
    </pointsFactorCurve>
    <minTechLevel>Industrial</minTechLevel>
    <textEnemy>Several separate groups of {0} from {1} have arrived in transport pods nearby.</textEnemy>
    <textFriendly>Several separate groups of friendly {0} from {1} have arrived in transport pods nearby.</textFriendly>
    <forQuickMilitaryAid>true</forQuickMilitaryAid>
  </PawnsArrivalModeDef>

  <PawnsArrivalModeDef>
    <defName>CenterDrop</defName>
    <workerClass>PawnsArrivalModeWorker_CenterDrop</workerClass>
    <selectionWeightCurve>
      <points>
        <li>(250, 0)</li>
        <li>(800, 50)</li>
        <li>(2000, 80)</li>
      </points>
    </selectionWeightCurve>
    <pointsFactorCurve>
      <points>
        <li>0, 0.5</li>
        <li>5000, 0.3</li>
      </points>
    </pointsFactorCurve>
    <minTechLevel>Industrial</minTechLevel>
    <textEnemy>A group of {0} from {1} have dropped in right on top of you!</textEnemy>
    <textFriendly>A group of friendly {0} from {1} have dropped in right on top of you!</textFriendly>
    <forQuickMilitaryAid>true</forQuickMilitaryAid>
  </PawnsArrivalModeDef>

  <PawnsArrivalModeDef>
    <defName>RandomDrop</defName>
    <workerClass>PawnsArrivalModeWorker_RandomDrop</workerClass>
    <selectionWeightCurve>
      <points>
        <li>(250, 0)</li>
        <li>(800, 20)</li>
      </points>
    </selectionWeightCurve>
    <pointsFactorCurve>
      <points>
        <li>0, 0.70</li>
        <li>5000, 0.45</li>
      </points>
    </pointsFactorCurve>
    <minTechLevel>Industrial</minTechLevel>
    <textEnemy>A group of {0} from {1} have arrived in transport pods. Their pods went haywire and are landing scattered all over the area!</textEnemy>
    <textFriendly>A group of friendly {0} from {1} have arrived in transport pods. Their pods went haywire and are landing scattered all over the area!</textFriendly>
    <forQuickMilitaryAid>true</forQuickMilitaryAid>
  </PawnsArrivalModeDef>

</Defs>
