﻿<?xml version="1.0" encoding="utf-8"?>
<ModMetaData>
	<name>Allow Tool</name>
	<author>UnlimitedHugs</author>
	<targetVersion>1.0.2055</targetVersion>
	<url>https://ludeon.com/forums/index.php?topic=17218.0</url>
	<description>Version: 3.5.7

A set of tools to make your life on the Rim a bit easier.
Easily forbid and unforbid items, select similar things, have things hauled urgently and affect the entire map with powerful new tool extensions.

All tools are found in the Architect &gt; Orders menu. Right-click tools with the small mouse icon to access their whole-map function.

Pressing the Context Action key ("Equals" by default) will activate the whole-map function of the tool you are holding.

All tools are accessible from anywhere by pressing their shortcut key without opening the menu. See the Keyboard configuration panel in the options menu to customize the hotkeys.</description>
	
	
	
</ModMetaData>