﻿<?xml version="1.0" encoding="utf-8" ?>
<Defs>

  <ThingDef ParentName="MakeableDrugBase">
    <defName>Flake</defName>
    <label>flake</label>
    <description>A flaky white preparation of psychite that can be smoked to induce a short but powerful euphoric state. While it is cheap to produce and extremely pleasurable to use, it is exceptionally addictive. Flake is known for destroying lives, communities, and entire societies.</description>
    <graphicData>
      <texPath>Things/Item/Drug/Yayo</texPath>
      <graphicClass>Graphic_StackCount</graphicClass>
      <color>(150,170,150)</color>
      <drawSize>0.75</drawSize>
    </graphicData>
    <rotatable>false</rotatable>
    <statBases>
      <WorkToMake>250</WorkToMake>
      <MarketValue>14</MarketValue>
      <Mass>0.05</Mass>
    </statBases>
    <techLevel>Industrial</techLevel>
    <ingestible>
      <foodType>Processed</foodType>
      <joyKind>Chemical</joyKind>
      <joy>0.70</joy>
      <baseIngestTicks>720</baseIngestTicks>
      <nurseable>true</nurseable>
      <drugCategory>Hard</drugCategory>
      <ingestSound>Ingest_Smoke</ingestSound>
      <ingestEffect>Smoke_Flake</ingestEffect>
			<ingestEffectEat>EatVegetarian</ingestEffectEat>
      <ingestHoldOffsetStanding>
        <northDefault>
          <offset>(0.23,0,0.065)</offset>
        </northDefault>
      </ingestHoldOffsetStanding>
      <ingestHoldUsesTable>false</ingestHoldUsesTable>
      <ingestCommandString>Smoke {0}</ingestCommandString>
      <ingestReportString>Smoking {0}.</ingestReportString>
      <useEatingSpeedStat>false</useEatingSpeedStat>
      <outcomeDoers>
        <li Class="IngestionOutcomeDoer_GiveHediff">
          <hediffDef>FlakeHigh</hediffDef>
          <severity>0.75</severity>
          <toleranceChemical>Psychite</toleranceChemical>
        </li>
        <li Class="IngestionOutcomeDoer_OffsetNeed">
          <need>Rest</need>
          <offset>0.2</offset>
          <toleranceChemical>Psychite</toleranceChemical>
        </li>
        <li Class="IngestionOutcomeDoer_GiveHediff">
          <hediffDef>PsychiteTolerance</hediffDef>
          <severity>0.045</severity>
					<divideByBodySize>true</divideByBodySize>
				</li>
      </outcomeDoers>
    </ingestible>
    <recipeMaker>
			<researchPrerequisite>PsychiteRefining</researchPrerequisite>
      <recipeUsers>
        <li>DrugLab</li>
      </recipeUsers>
    </recipeMaker>
    <costList>
      <PsychoidLeaves>4</PsychoidLeaves>
    </costList>
    <comps>
      <li Class="CompProperties_Drug">
        <chemical>Psychite</chemical>
        <addictiveness>0.20</addictiveness>
        <minToleranceToAddict>0.00</minToleranceToAddict>
        <existingAddictionSeverityOffset>0.30</existingAddictionSeverityOffset>
        <needLevelOffset>1</needLevelOffset>
        <listOrder>110</listOrder>
        <overdoseSeverityOffset>
          <min>0.18</min>
          <max>0.35</max>
        </overdoseSeverityOffset>
				<largeOverdoseChance>0.015</largeOverdoseChance>
			</li>
    </comps>
  </ThingDef>
  
  <HediffDef>
    <defName>FlakeHigh</defName>
    <hediffClass>HediffWithComps</hediffClass>
    <label>high on flake</label>
    <labelNoun>a flake high</labelNoun>
    <defaultLabelColor>(1,0,0.5)</defaultLabelColor>
    <scenarioCanAdd>true</scenarioCanAdd>
    <maxSeverity>1.0</maxSeverity>
    <isBad>false</isBad>
    <comps>
      <li Class="HediffCompProperties_SeverityPerDay">
        <severityPerDay>-3.0</severityPerDay>
      </li>
    </comps>
      <stages>
        <li>
          <painFactor>0.5</painFactor>
          <restFallFactor>0.33</restFallFactor>
        </li>
      </stages>
  </HediffDef>
  
  <ThoughtDef>
    <defName>FlakeHigh</defName>
    <workerClass>ThoughtWorker_Hediff</workerClass>
    <hediff>FlakeHigh</hediff>
    <validWhileDespawned>true</validWhileDespawned>
    <stages>
      <li>
        <label>high on flake</label>
        <description>So good, so good.</description>
        <baseMoodEffect>35</baseMoodEffect>
      </li>
    </stages>
  </ThoughtDef>

</Defs>
