﻿<?xml version="1.0" encoding="utf-8"?><Defs>

  <SoundDef>
    <defName>CryptosleepCasket_Eject</defName>
    <context>MapOnly</context>
    <eventNames />
    <maxSimultaneous>1</maxSimultaneous>
    <subSounds>
      <li>
        <grains>
          <li Class="AudioGrain_Clip">
            <clipPath>Misc/CryptosleepCasket/CryptosleepCasketEject</clipPath>
          </li>
        </grains>
        <volumeRange>
          <min>40</min>
          <max>40</max>
        </volumeRange>
        <distRange>
          <min>10</min>
          <max>70</max>
        </distRange>
      </li>
    </subSounds>
  </SoundDef>
  
  <SoundDef>
    <defName>CryptosleepCasket_Accept</defName>
    <context>MapOnly</context>
    <eventNames />
    <maxSimultaneous>1</maxSimultaneous>
    <subSounds>
      <li>
        <grains>
          <li Class="AudioGrain_Clip">
            <clipPath>Misc/CryptosleepCasket/CryptosleepCasketAccept</clipPath>
          </li>
        </grains>
        <volumeRange>
          <min>40</min>
          <max>40</max>
        </volumeRange>
        <distRange>
          <min>10</min>
          <max>70</max>
        </distRange>
      </li>
    </subSounds>
  </SoundDef>

  <SoundDef>
    <defName>Hive_Spawn</defName>
    <context>MapOnly</context>
    <eventNames />
    <maxSimultaneous>1</maxSimultaneous>
    <subSounds>
      <li>
        <grains>
          <li Class="AudioGrain_Clip">
            <clipPath>Misc/Hive/Spawn</clipPath>
          </li>
        </grains>
        <volumeRange>
          <min>40</min>
          <max>40</max>
        </volumeRange>
        <distRange>
          <min>10</min>
          <max>100</max>
        </distRange>
        <pitchRange>
          <min>0.5</min>
          <max>0.9</max>
        </pitchRange>
      </li>
    </subSounds>
  </SoundDef>
  
</Defs>
