﻿<?xml version="1.0" encoding="utf-8" ?>
<Defs>

	<SoundDef>
		<defName>Pawn_Chick_Call</defName>
		<context>MapOnly</context>
		<eventNames />
		<subSounds>
			<li>
				<grains>
					<li Class="AudioGrain_Folder">
						<clipFolderPath>Pawn/Animal/Chicken/Chick_Call</clipFolderPath>
					</li>
				</grains>
				<volumeRange>
					<min>20</min>
					<max>28</max>
				</volumeRange>
				<pitchRange>
					<min>0.9770588</min>
					<max>1.137647</max>
				</pitchRange>
				<distRange>
					<min>0</min>
					<max>50.40025</max>
				</distRange>
				<sustainLoop>False</sustainLoop>
			</li>
		</subSounds>
	</SoundDef>

	<SoundDef>
		<defName>Pawn_Chicken_Call</defName>
    <context>MapOnly</context>
		<eventNames />
		<subSounds>
			<li>
				<grains>
					<li Class="AudioGrain_Folder">
						<clipFolderPath>Pawn/Animal/Chicken/Chicken_Call</clipFolderPath>
					</li>
				</grains>
				<volumeRange>
					<min>20</min>
					<max>28</max>
				</volumeRange>
				<pitchRange>
					<min>0.9770588</min>
					<max>1.137647</max>
				</pitchRange>
				<distRange>
					<min>0</min>
					<max>50.40025</max>
				</distRange>
				<sustainLoop>False</sustainLoop>
			</li>
		</subSounds>
	</SoundDef>

	<SoundDef>
		<defName>Pawn_Chicken_Angry</defName>
    <context>MapOnly</context>
		<eventNames />
		<maxVoices>2</maxVoices>
		<subSounds>
			<li>
				<grains>
					<li Class="AudioGrain_Folder">
						<clipFolderPath>Pawn/Animal/Chicken/Chicken_Angry</clipFolderPath>
					</li>
				</grains>
				<volumeRange>
					<min>25</min>
					<max>35</max>
				</volumeRange>
				<pitchRange>
					<min>0.9541176</min>
					<max>1.137647</max>
				</pitchRange>
				<distRange>
					<min>0</min>
					<max>70</max>
				</distRange>
				<sustainLoop>False</sustainLoop>
			</li>
		</subSounds>
	</SoundDef>

	<SoundDef>
		<defName>Pawn_Chicken_Wounded</defName>
    <context>MapOnly</context>
		<eventNames />
		<subSounds>
			<li>
				<grains>
					<li Class="AudioGrain_Folder">
						<clipFolderPath>Pawn/Animal/Chicken/Chicken_Pain</clipFolderPath>
					</li>
				</grains>
				<volumeRange>
					<min>25</min>
					<max>35</max>
				</volumeRange>
				<pitchRange>
					<min>0.9311765</min>
					<max>1.091765</max>
				</pitchRange>
				<distRange>
					<min>0</min>
					<max>70</max>
				</distRange>
				<repeatMode>NeverTwice</repeatMode>
				<sustainLoop>False</sustainLoop>
			</li>
		</subSounds>
	</SoundDef>

	<SoundDef>
		<defName>Pawn_Chicken_Death</defName>
    <context>MapOnly</context>
		<eventNames />
		<subSounds>
			<li>
				<grains>
					<li Class="AudioGrain_Folder">
						<clipFolderPath>Pawn/Animal/Chicken/Chicken_Death</clipFolderPath>
					</li>
				</grains>
				<volumeRange>
					<min>25</min>
					<max>35</max>
				</volumeRange>
				<pitchRange>
					<min>0.9311764</min>
					<max>1.068824</max>
				</pitchRange>
				<distRange>
					<min>0</min>
					<max>70</max>
				</distRange>
				<sustainLoop>False</sustainLoop>
			</li>
		</subSounds>
	</SoundDef>
	
  
  <SoundDef>
    <defName>Pawn_DogSmall_Call</defName>  
    <context>MapOnly</context>
    <eventNames />  
    <subSounds>
      <li>
        <grains>
          <li Class="AudioGrain_Folder">
            <clipFolderPath>Pawn/Animal/DogSmall/DogSmall_Call</clipFolderPath>
          </li>
        </grains>      
        <volumeRange>
          <min>16</min>        
          <max>25</max>
        </volumeRange>      
        <pitchRange>
          <min>0.9082353</min>        
          <max>1.114706</max>
        </pitchRange>      
        <distRange>
          <min>0</min>        
          <max>50</max>
        </distRange>
      </li>
    </subSounds>
  </SoundDef>

  <SoundDef>
    <defName>Pawn_DogSmall_Angry</defName>  
    <context>MapOnly</context>
    <eventNames />  
    <subSounds>
      <li>
        <grains>
          <li Class="AudioGrain_Folder">
            <clipFolderPath>Pawn/Animal/DogSmall/DogSmall_Angry</clipFolderPath>
          </li>
        </grains>      
        <volumeRange>
          <min>32</min>        
          <max>32</max>
        </volumeRange>      
        <pitchRange>
          <min>0.9311765</min>        
          <max>1.091765</max>
        </pitchRange>      
        <distRange>
          <min>0</min>        
          <max>70</max>
        </distRange>      
        <sustainLoop>False</sustainLoop>
      </li>
    </subSounds>
  </SoundDef>

  <SoundDef>
    <defName>Pawn_DogSmall_Injured</defName>  
    <context>MapOnly</context>
    <eventNames />  
    <subSounds>
      <li>
        <grains>
          <li Class="AudioGrain_Folder">
            <clipFolderPath>Pawn/Animal/DogSmall/DogSmall_Injured</clipFolderPath>
          </li>
        </grains>      
        <volumeRange>
          <min>22</min>        
          <max>22</max>
        </volumeRange>      
        <pitchRange>
          <min>1.206471</min>        
          <max>1</max>
        </pitchRange>      
        <distRange>
          <min>0</min>        
          <max>70</max>
        </distRange>
      </li>
    </subSounds>
  </SoundDef>

	<SoundDef>
		<defName>Pawn_DogSmall_Dead</defName>
    <context>MapOnly</context>
		<eventNames />
		<subSounds>
			<li>
				<grains>
					<li Class="AudioGrain_Folder">
						<clipFolderPath>Pawn/Animal/DogSmall/DogSmall_Dead</clipFolderPath>
					</li>
				</grains>
				<volumeRange>
					<min>32</min>
					<max>32</max>
				</volumeRange>
				<pitchRange>
					<min>1.504706</min>
					<max>1.596471</max>
				</pitchRange>
				<distRange>
					<min>0</min>
					<max>70</max>
				</distRange>
			</li>
		</subSounds>
	</SoundDef>
  
  
  
  <SoundDef>
    <defName>Pawn_Dog_Call</defName>  
    <context>MapOnly</context>
    <eventNames />  
    <subSounds>
      <li>
        <grains>
          <li Class="AudioGrain_Folder">
            <clipFolderPath>Pawn/Animal/Dog/Dog_Call</clipFolderPath>
          </li>
        </grains>      
        <volumeRange>
          <min>16</min>        
          <max>25</max>
        </volumeRange>      
        <pitchRange>
          <min>0.9082353</min>        
          <max>1.114706</max>
        </pitchRange>      
        <distRange>
          <min>0</min>        
          <max>50</max>
        </distRange>
      </li>
    </subSounds>
  </SoundDef>

  <SoundDef>
    <defName>Pawn_Dog_Angry</defName>  
    <context>MapOnly</context>
    <eventNames />  
    <subSounds>
      <li>
        <grains>
          <li Class="AudioGrain_Folder">
            <clipFolderPath>Pawn/Animal/Dog/Dog_Angry</clipFolderPath>
          </li>
        </grains>      
        <volumeRange>
          <min>32</min>        
          <max>32</max>
        </volumeRange>      
        <pitchRange>
          <min>0.9311765</min>        
          <max>1.091765</max>
        </pitchRange>      
        <distRange>
          <min>0</min>        
          <max>70</max>
        </distRange>      
        <sustainLoop>False</sustainLoop>
      </li>
    </subSounds>
  </SoundDef>

  <SoundDef>
    <defName>Pawn_Dog_Injured</defName>  
    <context>MapOnly</context>
    <eventNames />  
    <subSounds>
      <li>
        <grains>
          <li Class="AudioGrain_Folder">
            <clipFolderPath>Pawn/Animal/Dog/Dog_Injured</clipFolderPath>
          </li>
        </grains>      
        <volumeRange>
          <min>22</min>        
          <max>22</max>
        </volumeRange>      
        <pitchRange>
          <min>1.206471</min>        
          <max>1</max>
        </pitchRange>      
        <distRange>
          <min>0</min>        
          <max>70</max>
        </distRange>
      </li>
    </subSounds>
  </SoundDef>

	<SoundDef>
		<defName>Pawn_Dog_Death</defName>
    <context>MapOnly</context>
		<eventNames />
		<subSounds>
			<li>
				<grains>
					<li Class="AudioGrain_Folder">
						<clipFolderPath>Pawn/Animal/Dog/Dog_Dead</clipFolderPath>
					</li>
				</grains>
				<volumeRange>
					<min>32</min>
					<max>32</max>
				</volumeRange>
				<pitchRange>
					<min>1.504706</min>
					<max>1.596471</max>
				</pitchRange>
				<distRange>
					<min>0</min>
					<max>70</max>
				</distRange>
			</li>
		</subSounds>
	</SoundDef>
  
  
  <SoundDef>
    <defName>Pawn_Cat_Call</defName>
    <context>MapOnly</context>
    <eventNames />
    <subSounds>
      <li>
        <grains>
          <li Class="AudioGrain_Folder">
            <clipFolderPath>Pawn/Animal/Cat/Cat_Call</clipFolderPath>
          </li>
        </grains>
        <volumeRange>
          <min>8.5</min>
          <max>8.5</max>
        </volumeRange>
        <pitchRange>
          <min>0.9770588</min>
          <max>1.137647</max>
        </pitchRange>
        <distRange>
          <min>0</min>
          <max>50.40025</max>
        </distRange>
        <sustainLoop>False</sustainLoop>
      </li>
    </subSounds>
  </SoundDef>

  <SoundDef>
    <defName>Pawn_Cat_Angry</defName>
    <context>MapOnly</context>
    <eventNames />
    <maxVoices>2</maxVoices>
    <subSounds>
      <li>
        <grains>
          <li Class="AudioGrain_Folder">
            <clipFolderPath>Pawn/Animal/Cat/Cat_Angry</clipFolderPath>
          </li>
        </grains>
        <volumeRange>
          <min>25</min>
          <max>25</max>
        </volumeRange>
        <pitchRange>
          <min>0.9541176</min>
          <max>1.137647</max>
        </pitchRange>
        <distRange>
          <min>0</min>
          <max>70</max>
        </distRange>
        <sustainLoop>False</sustainLoop>
      </li>
    </subSounds>
  </SoundDef>

  <SoundDef>
    <defName>Pawn_Cat_Injured</defName>
    <context>MapOnly</context>
    <eventNames />
    <subSounds>
      <li>
        <grains>
          <li Class="AudioGrain_Folder">
            <clipFolderPath>Pawn/Animal/Cat/Cat_Injured</clipFolderPath>
          </li>
        </grains>
        <volumeRange>
          <min>17</min>
          <max>17</max>
        </volumeRange>
        <pitchRange>
          <min>0.9311765</min>
          <max>1.091765</max>
        </pitchRange>
        <distRange>
          <min>0</min>
          <max>70</max>
        </distRange>
        <repeatMode>NeverTwice</repeatMode>
        <sustainLoop>False</sustainLoop>
      </li>
    </subSounds>
  </SoundDef>

  <SoundDef>
    <defName>Pawn_Cat_Death</defName>
    <context>MapOnly</context>
    <eventNames />
    <subSounds>
      <li>
        <grains>
          <li Class="AudioGrain_Folder">
            <clipFolderPath>Pawn/Animal/Cat/Cat_Injured</clipFolderPath>
          </li>
        </grains>
        <volumeRange>
          <min>30</min>
          <max>30</max>
        </volumeRange>
        <pitchRange>
          <min>0.9311764</min>
          <max>1.068824</max>
        </pitchRange>
        <distRange>
          <min>0</min>
          <max>70</max>
        </distRange>
        <sustainLoop>False</sustainLoop>
      </li>
    </subSounds>
  </SoundDef>
  
</Defs>
