﻿<?xml version="1.0" encoding="utf-8"?><Defs>

  <SoundDef>
    <defName>Designate_DragStandard_Changed</defName>
    <maxSimultaneous>1</maxSimultaneous>
    <priorityMode>PrioritizeNearest</priorityMode>
    <subSounds>
      <li>
        <onCamera>True</onCamera>
        <grains>
          <li Class="AudioGrain_Clip">
            <clipPath>UI/Designate/DragStandard2</clipPath>
          </li>
        </grains>
        <volumeRange>
          <min>10.384</min>
          <max>10.384</max>
        </volumeRange>
      </li>
    </subSounds>
  </SoundDef>

  <SoundDef>
    <defName>Designate_DragBuilding_Start</defName>  
    <eventNames />  
    <maxSimultaneous>1</maxSimultaneous>  
    <subSounds>
      <li>
        <onCamera>True</onCamera>      
        <grains>
          <li Class="AudioGrain_Clip">
            <clipPath>UI/Designate/DragBuildingStart</clipPath>
          </li>
        </grains>      
        <volumeRange>
          <min>25</min>        
          <max>25</max>
        </volumeRange>      
        <sustainLoopDurationRange>
          <min>999</min>        
          <max>999</max>
        </sustainLoopDurationRange>
      </li>
    </subSounds>
  </SoundDef>

  <SoundDef>
    <defName>Designate_DragAreaAdd_Start</defName>  
    <eventNames />  
    <maxSimultaneous>1</maxSimultaneous>  
    <subSounds>
      <li>
        <onCamera>True</onCamera>      
        <grains>
          <li Class="AudioGrain_Clip">
            <clipPath>UI/Designate/CreateZone_Start2</clipPath>
          </li>
        </grains>      
        <volumeRange>
          <min>3.325176</min>        
          <max>3.325176</max>
        </volumeRange>      
        <sustainLoop>False</sustainLoop>
      </li>
    </subSounds>
  </SoundDef>

  <SoundDef>
    <defName>Designate_DragAreaDelete_Start</defName>  
    <eventNames />  
    <maxSimultaneous>1</maxSimultaneous>  
    <subSounds>
      <li>
        <onCamera>True</onCamera>      
        <grains>
          <li Class="AudioGrain_Clip">
            <clipPath>UI/Designate/CreateZone_Start2</clipPath>
          </li>
        </grains>      
        <volumeRange>
          <min>3.325176</min>        
          <max>3.325176</max>
        </volumeRange>      
        <pitchRange>
          <min>0.8973334</min>        
          <max>0.8973334</max>
        </pitchRange>   
        <sustainLoop>False</sustainLoop>
      </li>
    </subSounds>
  </SoundDef>

  <SoundDef>
    <defName>Designate_PlaceBuilding</defName>  
    <eventNames />  
    <maxSimultaneous>1</maxSimultaneous>  
    <subSounds>
      <li>
        <onCamera>True</onCamera>      
        <grains>
          <li Class="AudioGrain_Folder">
            <clipFolderPath>UI/Designate/PlaceBuilding</clipFolderPath>
          </li>
        </grains>      
        <volumeRange>
          <min>7.058827</min>        
          <max>7.058827</max>
        </volumeRange>      
        <pitchRange>
          <min>0.9311765</min>        
          <max>1</max>
        </pitchRange>
      </li>
    </subSounds>
  </SoundDef>

  <SoundDef>
    <defName>Designate_Cancel</defName>  
    <eventNames />  
    <maxSimultaneous>1</maxSimultaneous>  
    <subSounds>
      <li>
        <onCamera>True</onCamera>      
        <grains>
          <li Class="AudioGrain_Clip">
            <clipPath>UI/Designate/Cancel5</clipPath>
          </li>
        </grains>      
        <volumeRange>
          <min>15.29412</min>        
          <max>15.29412</max>
        </volumeRange>
      </li>
    </subSounds>
  </SoundDef>

  <SoundDef>
    <defName>Designate_Deconstruct</defName>  
    <eventNames />  
    <maxSimultaneous>1</maxSimultaneous>  
    <subSounds>
      <li>
        <onCamera>True</onCamera>      
        <grains>
          <li Class="AudioGrain_Folder">
            <clipFolderPath>UI/Designate/Deconstruct</clipFolderPath>
          </li>
        </grains>      
        <volumeRange>
          <min>7.672635</min>        
          <max>7.672635</max>
        </volumeRange>      
        <pitchRange>
          <min>0.8940217</min>        
          <max>1.105979</max>
        </pitchRange>
      </li>
    </subSounds>
  </SoundDef>

  <SoundDef>
    <defName>Designate_Mine</defName>  
    <eventNames />  
    <maxSimultaneous>1</maxSimultaneous>  
    <subSounds>
      <li>
        <onCamera>True</onCamera>      
        <grains>
          <li Class="AudioGrain_Clip">
            <clipPath>UI/Designate/Mine</clipPath>
          </li>
        </grains>      
        <volumeRange>
          <min>40</min>        
          <max>40</max>
        </volumeRange>
      </li>
    </subSounds>
  </SoundDef>

  <SoundDef>
    <defName>Designate_Failed</defName>  
    <eventNames />  
    <maxSimultaneous>1</maxSimultaneous>  
    <subSounds>
      <li>
        <onCamera>True</onCamera>      
        <grains>
          <li Class="AudioGrain_Clip">
            <clipPath>UI/Designate/DesignateFailed</clipPath>
          </li>
        </grains>      
        <volumeRange>
          <min>19.11764</min>        
          <max>19.11764</max>
        </volumeRange>      
        <sustainLoop>False</sustainLoop>
      </li>
    </subSounds>
  </SoundDef>

  <SoundDef>
    <defName>Designate_ZoneAdd</defName>  
    <eventNames>
      <li>Designate_AreaAdd</li>
    </eventNames>  
    <maxSimultaneous>1</maxSimultaneous>  
    <subSounds>
      <li>
        <onCamera>True</onCamera>      
        <grains>
          <li Class="AudioGrain_Clip">
            <clipPath>UI/Designate/CreateZone_End2</clipPath>
          </li>
        </grains>      
        <volumeRange>
          <min>2</min>        
          <max>2</max>
        </volumeRange>      
        <sustainLoop>False</sustainLoop>
      </li>
    </subSounds>
  </SoundDef>

  <SoundDef>
    <defName>Designate_ZoneDelete</defName>  
    <eventNames>
      <li>Designate_AreaDelete</li>
    </eventNames>  
    <maxSimultaneous>1</maxSimultaneous>  
    <subSounds>
      <li>
        <onCamera>True</onCamera>      
        <grains>
          <li Class="AudioGrain_Clip">
            <clipPath>UI/Designate/DeleteZone</clipPath>
          </li>
        </grains>      
        <volumeRange>
          <min>5</min>        
          <max>5</max>
        </volumeRange>      
        <sustainLoop>False</sustainLoop>
      </li>
    </subSounds>
  </SoundDef>

  <SoundDef>
    <defName>Designate_Haul</defName>  
    <eventNames />  
    <maxSimultaneous>1</maxSimultaneous>  
    <subSounds>
      <li>
        <onCamera>True</onCamera>      
        <grains>
          <li Class="AudioGrain_Clip">
            <clipPath>UI/Designate/Haul</clipPath>
          </li>
        </grains>      
        <volumeRange>
          <min>5</min>        
          <max>5</max>
        </volumeRange>      
        <sustainLoop>False</sustainLoop>
      </li>
    </subSounds>
  </SoundDef>

  <SoundDef>
    <defName>Designate_Mine</defName>  
    <eventNames />  
    <maxSimultaneous>1</maxSimultaneous>  
    <subSounds>
      <li>
        <onCamera>True</onCamera>      
        <grains>
          <li Class="AudioGrain_Clip">
            <clipPath>UI/Designate/MineStop</clipPath>
          </li>
        </grains>      
        <volumeRange>
          <min>18.52941</min>        
          <max>18.52941</max>
        </volumeRange>      
        <sustainLoop>False</sustainLoop>
      </li>
    </subSounds>
  </SoundDef>

  <SoundDef>
    <defName>Designate_Hunt</defName>  
    <eventNames />  
    <maxSimultaneous>1</maxSimultaneous>  
    <subSounds>
      <li>
        <onCamera>True</onCamera>      
        <grains>
          <li Class="AudioGrain_Clip">
            <clipPath>UI/Designate/Hunt2</clipPath>
          </li>
        </grains>      
        <volumeRange>
          <min>5</min>        
          <max>5</max>
        </volumeRange>      
        <sustainLoop>False</sustainLoop>
      </li>
    </subSounds>
  </SoundDef>

  <SoundDef>
    <defName>Designate_CutPlants</defName>  
    <eventNames />  
    <maxSimultaneous>1</maxSimultaneous>  
    <subSounds>
      <li>
        <onCamera>True</onCamera>      
        <grains>
          <li Class="AudioGrain_Clip">
            <clipPath>UI/Designate/CutPlants</clipPath>
          </li>
        </grains>      
        <volumeRange>
          <min>5</min>        
          <max>5</max>
        </volumeRange>      
        <sustainLoop>False</sustainLoop>
      </li>
    </subSounds>
  </SoundDef>

  <SoundDef>
    <defName>Designate_Harvest</defName>  
    <eventNames />  
    <maxSimultaneous>1</maxSimultaneous>  
    <subSounds>
      <li>
        <onCamera>True</onCamera>      
        <grains>
          <li Class="AudioGrain_Clip">
            <clipPath>UI/Designate/Harvest</clipPath>
          </li>
        </grains>      
        <volumeRange>
          <min>5</min>        
          <max>5</max>
        </volumeRange>      
        <sustainLoop>False</sustainLoop>
      </li>
    </subSounds>
  </SoundDef>

  <SoundDef>
    <defName>Designate_SmoothSurface</defName>  
    <eventNames />  
    <maxSimultaneous>1</maxSimultaneous>  
    <subSounds>
      <li>
        <onCamera>True</onCamera>      
        <grains>
          <li Class="AudioGrain_Clip">
            <clipPath>UI/Designate/SmoothSurface</clipPath>
          </li>
        </grains>      
        <volumeRange>
          <min>19.11764</min>        
          <max>19.11764</max>
        </volumeRange>      
        <sustainLoop>False</sustainLoop>
      </li>
    </subSounds>
  </SoundDef>

  <SoundDef>
    <defName>Designate_PlanAdd</defName>  
    <eventNames />  
    <maxSimultaneous>1</maxSimultaneous>  
    <subSounds>
      <li>
        <onCamera>True</onCamera>      
        <grains>
          <li Class="AudioGrain_Clip">
            <clipPath>UI/Designate/PlanAdd</clipPath>
          </li>
        </grains>      
        <volumeRange>
          <min>5</min>        
          <max>5</max>
        </volumeRange>      
        <pitchRange>
          <min>0.8940217</min>        
          <max>1.105979</max>
        </pitchRange>
      </li>
    </subSounds>
  </SoundDef>

  <SoundDef>
    <defName>Designate_PlanRemove</defName>  
    <eventNames />  
    <maxSimultaneous>1</maxSimultaneous>  
    <subSounds>
      <li>
        <onCamera>True</onCamera>      
        <grains>
          <li Class="AudioGrain_Clip">
            <clipPath>UI/Designate/PlanRemove1</clipPath>
          </li>
        </grains>      
        <volumeRange>
          <min>5</min>        
          <max>5</max>
        </volumeRange>      
        <sustainLoop>False</sustainLoop>
      </li>
    </subSounds>
  </SoundDef>

  <SoundDef>
    <defName>Designate_Claim</defName>  
    <eventNames />  
    <maxSimultaneous>1</maxSimultaneous>  
    <subSounds>
      <li>
        <onCamera>True</onCamera>      
        <grains>
          <li Class="AudioGrain_Clip">
            <clipPath>UI/Designate/Claim</clipPath>
          </li>
        </grains>      
        <volumeRange>
          <min>10.88235</min>        
          <max>10.88235</max>
        </volumeRange>      
        <sustainLoop>False</sustainLoop>
      </li>
    </subSounds>
  </SoundDef>

</Defs>
