﻿<?xml version="1.0" encoding="utf-8"?><Defs>

  <SoundDef>
    <defName>GameStartSting</defName>  
    <eventNames />  
    <maxVoices>1</maxVoices>  
    <maxSimultaneous>1</maxSimultaneous>  
    <subSounds>
      <li>
        <onCamera>True</onCamera>      
        <grains>
          <li Class="AudioGrain_Clip">
            <clipPath>UI/Stings/Game_Start_Sting_1a</clipPath>
          </li>
        </grains>      
        <volumeRange>
          <min>30</min>        
          <max>30</max>
        </volumeRange>
      </li>
    </subSounds>
  </SoundDef>

  <SoundDef>
    <defName>TinyBell</defName>  
    <eventNames />  
    <maxSimultaneous>1</maxSimultaneous>  
    <subSounds>
      <li>
        <onCamera>True</onCamera>      
        <grains>
          <li Class="AudioGrain_Clip">
            <clipPath>UI/TinyBell</clipPath>
          </li>
        </grains>      
        <volumeRange>
          <min>9</min>        
          <max>9</max>
        </volumeRange>      
        <pitchRange>
          <min>0.85</min>        
          <max>1.15</max>
        </pitchRange>
      </li>
    </subSounds>
  </SoundDef>

  <SoundDef>
    <defName>TabOpen</defName>  
    <eventNames />  
    <maxSimultaneous>1</maxSimultaneous>  
    <subSounds>
      <li>
        <onCamera>True</onCamera>      
        <grains>
          <li Class="AudioGrain_Clip">
            <clipPath>UI/TabOpen</clipPath>
          </li>
        </grains>      
        <volumeRange>
          <min>15.88235</min>        
          <max>15.88235</max>
        </volumeRange>
      </li>
    </subSounds>
  </SoundDef>

  <SoundDef>
    <defName>TabClose</defName>  
    <eventNames />  
    <maxSimultaneous>1</maxSimultaneous>  
    <subSounds>
      <li>
        <onCamera>True</onCamera>      
        <grains>
          <li Class="AudioGrain_Clip">
            <clipPath>UI/TabClose</clipPath>
          </li>
        </grains>      
        <volumeRange>
          <min>15.88235</min>        
          <max>15.88235</max>
        </volumeRange>
      </li>
    </subSounds>
  </SoundDef>

  <SoundDef>
    <defName>PageChange</defName>
    <eventNames />
    <maxSimultaneous>1</maxSimultaneous>
    <subSounds>
      <li>
        <onCamera>True</onCamera>
        <grains>
          <li Class="AudioGrain_Clip">
            <clipPath>UI/PageChange</clipPath>
          </li>
        </grains>
        <volumeRange>
          <min>15</min>
          <max>15</max>
        </volumeRange>
      </li>
    </subSounds>
  </SoundDef>

  <SoundDef>
    <defName>Tick_Tiny</defName>  
    <eventNames>
      <li>RadioButtonClicked</li>    
      <li>SelectDesignator</li>
    </eventNames>  
    <maxSimultaneous>1</maxSimultaneous>  
    <subSounds>
      <li>
        <onCamera>True</onCamera>      
        <grains>
          <li Class="AudioGrain_Folder">
            <clipFolderPath>UI/TickTiny</clipFolderPath>
          </li>
        </grains>      
        <volumeRange>
          <min>30</min>        
          <max>30</max>
        </volumeRange>
      </li>
    </subSounds>
  </SoundDef>

  <SoundDef>
    <defName>CancelMode</defName>  
    <eventNames />  
    <maxSimultaneous>1</maxSimultaneous>  
    <subSounds>
      <li>
        <onCamera>True</onCamera>      
        <grains>
          <li Class="AudioGrain_Clip">
            <clipPath>UI/TickTiny</clipPath>
          </li>
        </grains>      
        <volumeRange>
          <min>30</min>        
          <max>30</max>
        </volumeRange>      
        <pitchRange>
          <min>2</min>        
          <max>2</max>
        </pitchRange>
      </li>
    </subSounds>
  </SoundDef>

  <SoundDef>
    <defName>Tick_Low</defName>  
    <eventNames />  
    <maxSimultaneous>1</maxSimultaneous>  
    <subSounds>
      <li>
        <onCamera>True</onCamera>      
        <grains>
          <li Class="AudioGrain_Clip">
            <clipPath>UI/TickLow</clipPath>
          </li>
        </grains>      
        <volumeRange>
          <min>15</min>        
          <max>15</max>
        </volumeRange>
      </li>
    </subSounds>
  </SoundDef>

  <SoundDef>
    <defName>Tick_High</defName>  
    <eventNames />  
    <maxSimultaneous>1</maxSimultaneous>  
    <subSounds>
      <li>
        <onCamera>True</onCamera>      
        <grains>
          <li Class="AudioGrain_Clip">
            <clipPath>UI/TickHigh</clipPath>
          </li>
        </grains>      
        <volumeRange>
          <min>30</min>        
          <max>30</max>
        </volumeRange>      
        <pitchRange>
          <min>1.045882</min>        
          <max>1</max>
        </pitchRange>
      </li>
    </subSounds>
  </SoundDef>

	<SoundDef>
		<defName>Crunch</defName>
		<eventNames />
		<maxSimultaneous>1</maxSimultaneous>
		<subSounds>
			<li>
				<onCamera>True</onCamera>
				<grains>
					<li Class="AudioGrain_Clip">
						<clipPath>UI/Crunch</clipPath>
					</li>
				</grains>
				<volumeRange>
					<min>30</min>
					<max>30</max>
				</volumeRange>
				<pitchRange>
					<min>0.9</min>
					<max>1.1</max>
				</pitchRange>
			</li>
		</subSounds>
	</SoundDef>

	<SoundDef>
    <defName>Click</defName>  
    <eventNames />  
    <maxSimultaneous>1</maxSimultaneous>  
    <subSounds>
      <li>
        <onCamera>True</onCamera>      
        <grains>
          <li Class="AudioGrain_Clip">
            <clipPath>UI/Click</clipPath>
          </li>
        </grains>      
        <volumeRange>
          <min>30</min>        
          <max>30</max>
        </volumeRange>
      </li>
    </subSounds>
  </SoundDef>

  <SoundDef>
    <defName>ClickReject</defName>  
    <eventNames />  
    <maxSimultaneous>1</maxSimultaneous>  
    <subSounds>
      <li>
        <onCamera>True</onCamera>      
        <grains>
          <li Class="AudioGrain_Clip">
            <clipPath>UI/ClickReject</clipPath>
          </li>
        </grains>      
        <volumeRange>
          <min>30</min>        
          <max>30</max>
        </volumeRange>
      </li>
    </subSounds>
  </SoundDef>

  <SoundDef>
    <defName>Mouseover_ButtonToggle</defName>  
    <eventNames />  
    <maxSimultaneous>1</maxSimultaneous>  
    <subSounds>
      <li>
        <onCamera>True</onCamera>      
        <grains>
          <li Class="AudioGrain_Clip">
            <clipPath>UI/ToggleButton_Mouseover</clipPath>
          </li>
        </grains>      
        <volumeRange>
          <min>10</min>        
          <max>10</max>
        </volumeRange>
      </li>
    </subSounds>
  </SoundDef>

  <SoundDef>
    <defName>TutorMessageAppear</defName>  
    <eventNames />  
    <maxSimultaneous>1</maxSimultaneous>  
    <subSounds>
      <li>
        <onCamera>True</onCamera>      
        <grains>
          <li Class="AudioGrain_Clip">
            <clipPath>UI/GentleBeep</clipPath>
          </li>
        </grains>      
        <volumeRange>
          <min>30</min>        
          <max>30</max>
        </volumeRange>
      </li>
    </subSounds>
  </SoundDef>

  <SoundDef>
    <defName>ArchitectCategorySelect</defName>  
    <eventNames />  
    <maxSimultaneous>1</maxSimultaneous>  
    <subSounds>
      <li>
        <onCamera>True</onCamera>      
        <grains>
          <li Class="AudioGrain_Clip">
            <clipPath>UI/SubmenuSelect</clipPath>
          </li>
        </grains>      
        <volumeRange>
          <min>15</min>        
          <max>15</max>
        </volumeRange>
      </li>
    </subSounds>
  </SoundDef>

  <SoundDef>
    <defName>ExecuteTrade</defName>  
    <eventNames />  
    <maxSimultaneous>1</maxSimultaneous>  
    <subSounds>
      <li>
        <onCamera>True</onCamera>      
        <grains>
          <li Class="AudioGrain_Clip">
            <clipPath>UI/BuyThing</clipPath>
          </li>
        </grains>      
        <volumeRange>
          <min>15</min>        
          <max>15</max>
        </volumeRange>
      </li>
    </subSounds>
  </SoundDef>

  <SoundDef>
    <defName>Mouseover_Standard</defName>  
    <eventNames />  
    <maxSimultaneous>1</maxSimultaneous>  
    <subSounds>
      <li>
        <onCamera>True</onCamera>   
        <grains>
          <li Class="AudioGrain_Folder">
            <clipFolderPath>UI/Mouseovers/MouseoverButtonCategory</clipFolderPath>
          </li>
        </grains>
        <volumeRange>
          <min>4</min>
          <max>4</max>
        </volumeRange>
        <pitchRange>
          <min>1.2</min>
          <max>1.3</max>
        </pitchRange>
      </li>
    </subSounds>
  </SoundDef>

  <SoundDef>
    <defName>Mouseover_Thump</defName>  
    <eventNames />  
    <maxSimultaneous>1</maxSimultaneous>  
    <subSounds>
      <li>
        <onCamera>True</onCamera>      
        <grains>
          <li Class="AudioGrain_Folder">
            <clipFolderPath>UI/Mouseovers/Meta_Mouseover_2</clipFolderPath>
          </li>
        </grains>      
        <volumeRange>
          <min>7</min>        
          <max>7</max>
        </volumeRange>      
      </li>
    </subSounds>
  </SoundDef>

  <SoundDef>
    <defName>Mouseover_Category</defName>  
    <eventNames />  
    <maxSimultaneous>4</maxSimultaneous>  
    <subSounds>
      <li>
        <onCamera>True</onCamera>      
        <grains>
          <li Class="AudioGrain_Folder">
            <clipFolderPath>UI/Mouseovers/MouseoverButtonCategory</clipFolderPath>
          </li>
        </grains>      
        <volumeRange>
          <min>5</min>        
          <max>5</max>
        </volumeRange>      
        <pitchRange>
          <min>0.95</min>        
          <max>1.05</max>
        </pitchRange>      
      </li>
    </subSounds>
  </SoundDef>

  <SoundDef>
    <defName>Mouseover_Command</defName>  
    <eventNames />  
    <maxSimultaneous>4</maxSimultaneous>  
    <subSounds>
      <li>
        <onCamera>True</onCamera>      
        <grains>
          <li Class="AudioGrain_Folder">
            <clipFolderPath>UI/Mouseovers/OptionMouseoverThump</clipFolderPath>
          </li>
        </grains>      
        <volumeRange>
          <min>5</min>        
          <max>5</max>
        </volumeRange>      
        <pitchRange>
          <min>1</min>        
          <max>1.091764</max>
        </pitchRange>      
      </li>
    </subSounds>
  </SoundDef>

  <SoundDef>
    <defName>FloatMenu_Open</defName>  
    <eventNames />  
    <maxSimultaneous>1</maxSimultaneous>  
    <subSounds>
      <li>
        <onCamera>True</onCamera>      
        <grains>
          <li Class="AudioGrain_Clip">
            <clipPath>UI/FloatMenuOpen</clipPath>
          </li>
        </grains>      
        <volumeRange>
          <min>5</min>        
          <max>5</max>
        </volumeRange>
      </li>
    </subSounds>
  </SoundDef>

  <SoundDef>
    <defName>FloatMenu_Cancel</defName>  
    <eventNames />  
    <maxSimultaneous>1</maxSimultaneous>  
    <subSounds>
      <li>
        <onCamera>True</onCamera>      
        <grains>
          <li Class="AudioGrain_Clip">
            <clipPath>UI/FloatMenuCancel</clipPath>
          </li>
        </grains>      
        <volumeRange>
          <min>5</min>        
          <max>5</max>
        </volumeRange>
      </li>
    </subSounds>
  </SoundDef>

  <SoundDef>
    <defName>LetterArrive</defName>  
    <eventNames />  
    <maxSimultaneous>1</maxSimultaneous>  
    <subSounds>
      <li>
        <onCamera>True</onCamera>      
        <grains>
          <li Class="AudioGrain_Clip">
            <clipPath>UI/LetterArrive</clipPath>
          </li>
        </grains>      
        <volumeRange>
          <min>41</min>        
          <max>41</max>
        </volumeRange>
      </li>
    </subSounds>
  </SoundDef>

  <SoundDef>
    <defName>LetterArrive_BadUrgent</defName>  
    <eventNames />  
    <maxSimultaneous>1</maxSimultaneous>  
    <subSounds>
      <li>
        <onCamera>True</onCamera>      
        <grains>
          <li Class="AudioGrain_Clip">
            <clipPath>UI/LetterArriveBadUrgent</clipPath>
          </li>
        </grains>      
        <volumeRange>
          <min>45</min>        
          <max>45</max>
        </volumeRange>
      </li>
    </subSounds>
  </SoundDef>

  <SoundDef>
    <defName>LetterArrive_BadUrgentBig</defName>
    <eventNames />
    <maxSimultaneous>1</maxSimultaneous>
    <subSounds>
      <li>
        <onCamera>True</onCamera>
        <grains>
          <li Class="AudioGrain_Clip">
            <clipPath>UI/LetterArriveBadUrgentBig</clipPath>
          </li>
        </grains>
        <volumeRange>
          <min>70</min>
          <max>70</max>
        </volumeRange>
      </li>
    </subSounds>
  </SoundDef>

  <SoundDef>
    <defName>LetterArrive_BadUrgentSmall</defName>
    <eventNames />
    <maxSimultaneous>1</maxSimultaneous>
    <subSounds>
      <li>
        <onCamera>True</onCamera>
        <grains>
          <li Class="AudioGrain_Clip">
            <clipPath>UI/LetterArriveBadUrgentSmall</clipPath>
          </li>
        </grains>
        <volumeRange>
          <min>41</min>
          <max>41</max>
        </volumeRange>
      </li>
    </subSounds>
  </SoundDef>

  <SoundDef>
    <defName>LetterArrive_Good</defName>
    <eventNames />
    <maxSimultaneous>1</maxSimultaneous>
    <subSounds>
      <li>
        <onCamera>True</onCamera>
        <grains>
          <li Class="AudioGrain_Clip">
            <clipPath>UI/LetterArriveGood</clipPath>
          </li>
        </grains>
        <volumeRange>
          <min>41</min>
          <max>41</max>
        </volumeRange>
      </li>
    </subSounds>
  </SoundDef>

  <SoundDef>
    <defName>DraftOn</defName>  
    <eventNames />  
    <maxSimultaneous>4</maxSimultaneous>  
    <subSounds>
      <li>
        <onCamera>True</onCamera>      
        <grains>
          <li Class="AudioGrain_Folder">
            <clipFolderPath>UI/DraftOn</clipFolderPath>
          </li>
        </grains>      
        <volumeRange>
          <min>15</min>        
          <max>15</max>
        </volumeRange>      
        <pitchRange>
          <min>1.114706</min>        
          <max>1</max>
        </pitchRange>
      </li>
    </subSounds>
  </SoundDef>

  <SoundDef>
    <defName>DraftOff</defName>  
    <eventNames />  
    <maxSimultaneous>1</maxSimultaneous>  
    <subSounds>
      <li>
        <onCamera>True</onCamera>      
        <grains>
          <li Class="AudioGrain_Clip">
            <clipPath>UI/DraftOff</clipPath>
          </li>
        </grains>      
        <volumeRange>
          <min>15</min>        
          <max>15</max>
        </volumeRange>
      </li>
    </subSounds>
  </SoundDef>

  <SoundDef>
    <defName>ResearchStart</defName>  
    <eventNames />  
    <maxSimultaneous>1</maxSimultaneous>  
    <subSounds>
      <li>
        <onCamera>True</onCamera>      
        <grains>
          <li Class="AudioGrain_Clip">
            <clipPath>UI/ResearchStart</clipPath>
          </li>
        </grains>      
        <volumeRange>
          <min>15</min>        
          <max>15</max>
        </volumeRange>
      </li>
    </subSounds>
  </SoundDef>

  <SoundDef>
    <defName>ThingSelected</defName>  
    <eventNames>
      <li>ZoneSelected</li>
    </eventNames>  
    <maxSimultaneous>1</maxSimultaneous>  
    <subSounds>
      <li>
        <onCamera>True</onCamera>      
        <grains>
          <li Class="AudioGrain_Clip">
            <clipPath>UI/SelectThing</clipPath>
          </li>
        </grains>      
        <volumeRange>
          <min>15</min>        
          <max>15</max>
        </volumeRange>
      </li>
    </subSounds>
  </SoundDef>

  <SoundDef>
    <defName>MapSelected</defName>  
    <eventNames />  
    <maxSimultaneous>1</maxSimultaneous>  
    <subSounds>
      <li>
        <onCamera>True</onCamera>      
        <grains>
          <li Class="AudioGrain_Clip">
            <clipPath>UI/SelectMap</clipPath>
          </li>
        </grains>      
        <volumeRange>
          <min>15</min>        
          <max>15</max>
        </volumeRange>
      </li>
    </subSounds>
  </SoundDef>

  <SoundDef>
    <defName>ColonistSelected</defName>  
    <eventNames />  
    <maxSimultaneous>1</maxSimultaneous>  
    <slot>Radio</slot>  
    <subSounds>
      <li>
        <onCamera>True</onCamera>      
        <grains>
          <li Class="AudioGrain_Clip">
            <clipPath>UI/Radio/RadioFuzzOpen</clipPath>
          </li>
        </grains>      
        <volumeRange>
          <min>4</min>        
          <max>4</max>
        </volumeRange>
      </li>
    </subSounds>
  </SoundDef>

  <SoundDef>
    <defName>ColonistOrdered</defName>  
    <eventNames />  
    <maxSimultaneous>1</maxSimultaneous>  
    <slot>Radio</slot>  
    <subSounds>
      <li>
        <onCamera>True</onCamera>      
        <grains>
          <li Class="AudioGrain_Clip">
            <clipPath>UI/Radio/RadioFuzzClose</clipPath>
          </li>
        </grains>      
        <volumeRange>
          <min>4</min>        
          <max>4</max>
        </volumeRange>
      </li>
    </subSounds>
  </SoundDef>

  <SoundDef>
    <defName>Message_NeutralEvent</defName>  
    <eventNames />  
    <maxSimultaneous>1</maxSimultaneous>  
    <subSounds>
      <li>
        <onCamera>True</onCamera>      
        <grains>
          <li Class="AudioGrain_Clip">
            <clipPath>UI/Alerts/AlertBasic</clipPath>
          </li>
        </grains>      
        <volumeRange>
          <min>20</min>        
          <max>20</max>
        </volumeRange>
      </li>
    </subSounds>
  </SoundDef>

  <SoundDef>
    <defName>Message_PositiveEvent</defName>  
    <eventNames />  
    <maxSimultaneous>1</maxSimultaneous>  
    <subSounds>
      <li>
        <onCamera>True</onCamera>      
        <grains>
          <li Class="AudioGrain_Clip">
            <clipPath>UI/Alerts/HappyPop</clipPath>
          </li>
        </grains>      
        <volumeRange>
          <min>40</min>        
          <max>40</max>
        </volumeRange>
      </li>
    </subSounds>
  </SoundDef>

  <SoundDef>
    <defName>Message_NegativeEvent</defName>  
    <eventNames />  
    <maxSimultaneous>1</maxSimultaneous>  
    <subSounds>
      <li>
        <onCamera>True</onCamera>      
        <grains>
          <li Class="AudioGrain_Clip">
            <clipPath>UI/Alerts/AlertNegative</clipPath>
          </li>
        </grains>      
        <volumeRange>
          <min>20</min>        
          <max>20</max>
        </volumeRange>
      </li>
    </subSounds>
  </SoundDef>

  <SoundDef>
    <defName>Message_ThreatBig</defName>  
    <eventNames />  
    <maxSimultaneous>1</maxSimultaneous>  
    <subSounds>
      <li>
        <onCamera>True</onCamera>      
        <grains>
          <li Class="AudioGrain_Clip">
            <clipPath>UI/Alerts/AlertRed</clipPath>
          </li>
        </grains>      
        <volumeRange>
          <min>50</min>        
          <max>50</max>
        </volumeRange>
      </li>
    </subSounds>
  </SoundDef>

  <SoundDef>
    <defName>Message_ThreatSmall</defName>
    <eventNames />
    <maxSimultaneous>1</maxSimultaneous>
    <subSounds>
      <li>
        <onCamera>True</onCamera>
        <grains>
          <li Class="AudioGrain_Clip">
            <clipPath>UI/Alerts/AlertYellow</clipPath>
          </li>
        </grains>
        <volumeRange>
          <min>50</min>
          <max>50</max>
        </volumeRange>
      </li>
    </subSounds>
  </SoundDef>

  <SoundDef>
    <defName>Message_PawnDeath</defName>
    <eventNames />
    <maxSimultaneous>1</maxSimultaneous>
    <subSounds>
      <li>
        <onCamera>True</onCamera>
        <grains>
          <li Class="AudioGrain_Clip">
            <clipPath>UI/Alerts/PawnDeath</clipPath>
          </li>
        </grains>
        <volumeRange>
          <min>80</min>
          <max>80</max>
        </volumeRange>
      </li>
    </subSounds>
  </SoundDef>

  <SoundDef>
    <defName>Message_NegativeHealthEvent</defName>
    <eventNames />
    <maxSimultaneous>1</maxSimultaneous>
    <subSounds>
      <li>
        <onCamera>True</onCamera>
        <grains>
          <li Class="AudioGrain_Clip">
            <clipPath>UI/Alerts/NegativeHealthEvent</clipPath>
          </li>
        </grains>
        <volumeRange>
          <min>40</min>
          <max>40</max>
        </volumeRange>
      </li>
    </subSounds>
  </SoundDef>

  <SoundDef>
    <defName>Message_TaskCompletion</defName>
    <eventNames />
    <maxSimultaneous>1</maxSimultaneous>
    <subSounds>
      <li>
        <onCamera>True</onCamera>
        <grains>
          <li Class="AudioGrain_Clip">
            <clipPath>UI/Alerts/TaskCompletion</clipPath>
          </li>
        </grains>
        <volumeRange>
          <min>25</min>
          <max>25</max>
        </volumeRange>
      </li>
    </subSounds>
  </SoundDef>

  <SoundDef>
    <defName>DialogBoxAppear</defName>  
    <eventNames />  
    <maxSimultaneous>1</maxSimultaneous>  
    <subSounds>
      <li>
        <onCamera>True</onCamera>      
        <grains>
          <li Class="AudioGrain_Clip">
            <clipPath>UI/FlickWhoosh</clipPath>
          </li>
        </grains>      
        <volumeRange>
          <min>10.58823</min>        
          <max>10.58823</max>
        </volumeRange>      
        <pitchRange>
          <min>0.9311765</min>        
          <max>1.045882</max>
        </pitchRange>
      </li>
    </subSounds>
  </SoundDef>

  <SoundDef>
    <defName>CommsWindow_Open</defName>  
    <eventNames />  
    <maxSimultaneous>1</maxSimultaneous>  
    <subSounds>
      <li>
        <onCamera>True</onCamera>      
        <grains>
          <li Class="AudioGrain_Clip">
            <clipPath>UI/CommsWindow_Open</clipPath>
          </li>
        </grains>      
        <volumeRange>
          <min>19</min>        
          <max>19</max>
        </volumeRange>      
      </li>
    </subSounds>
  </SoundDef>

  <SoundDef>
    <defName>CommsWindow_Close</defName>  
    <eventNames />  
    <maxSimultaneous>1</maxSimultaneous>  
    <subSounds>
      <li>
        <onCamera>True</onCamera>      
        <grains>
          <li Class="AudioGrain_Clip">
            <clipPath>UI/CommsWindow_Close</clipPath>
          </li>
        </grains>      
        <volumeRange>
          <min>19</min>        
          <max>19</max>
        </volumeRange>
      </li>
    </subSounds>
  </SoundDef>

  <SoundDef>
    <defName>InfoCard_Open</defName>  
    <eventNames />  
    <maxSimultaneous>1</maxSimultaneous>  
    <subSounds>
      <li>
        <onCamera>True</onCamera>      
        <grains>
          <li Class="AudioGrain_Folder">
            <clipFolderPath>UI/InfoCard_Open</clipFolderPath>
          </li>
        </grains>      
        <volumeRange>
          <min>15</min>        
          <max>15</max>
        </volumeRange>      
        <pitchRange>
          <min>1</min>        
          <max>1.091764</max>
        </pitchRange>      
        <distRange>
          <min>20.29412</min>        
          <max>70</max>
        </distRange>
      </li>
    </subSounds>
  </SoundDef>

  <SoundDef>
    <defName>InfoCard_Close</defName>  
    <eventNames />  
    <maxSimultaneous>1</maxSimultaneous>  
    <subSounds>
      <li>
        <onCamera>True</onCamera>      
        <grains>
          <li Class="AudioGrain_Clip">
            <clipPath>UI/InfoCard_Close</clipPath>
          </li>
        </grains>      
        <volumeRange>
          <min>15</min>        
          <max>15</max>
        </volumeRange>
      </li>
    </subSounds>
  </SoundDef>

  <SoundDef>
    <defName>DragSlider</defName>  
    <eventNames>
      <li>AmountIncrement</li>    
      <li>AmountDecrement</li>
    </eventNames>  
    <maxSimultaneous>4</maxSimultaneous>  
    <subSounds>
      <li>
        <onCamera>True</onCamera>      
        <grains>
          <li Class="AudioGrain_Folder">
            <clipFolderPath>UI/DragSlider</clipFolderPath>
          </li>
        </grains>      
        <volumeRange>
          <min>15</min>        
          <max>15</max>
        </volumeRange>      
        <pitchRange>
          <min>1</min>        
          <max>1.091764</max>
        </pitchRange>      
        <distRange>
          <min>20.29412</min>        
          <max>70</max>
        </distRange>
      </li>
    </subSounds>
  </SoundDef>

  <SoundDef>
    <defName>RowTabSelect</defName>  
    <eventNames />  
    <subSounds>
      <li>
        <onCamera>True</onCamera>      
        <grains>
          <li Class="AudioGrain_Folder">
            <clipFolderPath>UI/RowTabSelect</clipFolderPath>
          </li>
        </grains>      
        <volumeRange>
          <min>15</min>        
          <max>15</max>
        </volumeRange>      
        <pitchRange>
          <min>1</min>        
          <max>1.091764</max>
        </pitchRange>      
        <distRange>
          <min>20.29412</min>        
          <max>70</max>
        </distRange>
      </li>
    </subSounds>
  </SoundDef>

  <SoundDef>
    <defName>Mouseover_Tab</defName>  
    <eventNames />  
    <subSounds>
      <li>
        <onCamera>True</onCamera>      
        <grains>
          <li Class="AudioGrain_Folder">
            <clipFolderPath>UI/OptionMouseoverThump</clipFolderPath>
          </li>
        </grains>      
        <volumeRange>
          <min>15</min>        
          <max>15</max>
        </volumeRange>      
        <pitchRange>
          <min>1</min>        
          <max>1.091764</max>
        </pitchRange>      
        <distRange>
          <min>20.29412</min>        
          <max>70</max>
        </distRange>
      </li>
    </subSounds>
  </SoundDef>

  <SoundDef>
    <defName>Checkbox_TurnedOn</defName>  
    <eventNames />  
    <maxSimultaneous>1</maxSimultaneous>  
    <subSounds>
      <li>
        <onCamera>True</onCamera>      
        <grains>
          <li Class="AudioGrain_Clip">
            <clipPath>UI/TickHigh</clipPath>
          </li>
        </grains>      
        <volumeRange>
          <min>14</min>        
          <max>14</max>
        </volumeRange>
      </li>
    </subSounds>
  </SoundDef>

  <SoundDef>
    <defName>Checkbox_TurnedOff</defName>  
    <eventNames />  
    <maxSimultaneous>1</maxSimultaneous>  
    <subSounds>
      <li>
        <onCamera>True</onCamera>      
        <grains>
          <li Class="AudioGrain_Clip">
            <clipPath>UI/TickLow</clipPath>
          </li>
        </grains>      
        <volumeRange>
          <min>14</min>        
          <max>14</max>
        </volumeRange>
      </li>
    </subSounds>
  </SoundDef>

  <SoundDef>
    <defName>Lesson_Activated</defName>
    <eventNames />
    <maxSimultaneous>1</maxSimultaneous>
    <subSounds>
      <li>
        <onCamera>True</onCamera>
        <grains>
          <li Class="AudioGrain_Clip">
            <clipPath>UI/Tutor/LessonActivated</clipPath>
          </li>
        </grains>
        <volumeRange>
          <min>15</min>
          <max>15</max>
        </volumeRange>
      </li>
    </subSounds>
  </SoundDef>

  <SoundDef>
    <defName>Lesson_Deactivated</defName>
    <eventNames />
    <maxSimultaneous>1</maxSimultaneous>
    <subSounds>
      <li>
        <onCamera>True</onCamera>
        <grains>
          <li Class="AudioGrain_Clip">
            <clipPath>UI/Tutor/LessonDeactivated</clipPath>
          </li>
        </grains>
        <volumeRange>
          <min>15</min>
          <max>15</max>
        </volumeRange>
      </li>
    </subSounds>
  </SoundDef>

  <SoundDef>
    <defName>PlanetkillerImpact</defName>
    <eventNames />
    <maxVoices>1</maxVoices>
    <maxSimultaneous>1</maxSimultaneous>
    <subSounds>
      <li>
        <onCamera>True</onCamera>
        <grains>
          <li Class="AudioGrain_Clip">
            <clipPath>Misc/PlanetkillerImpact</clipPath>
          </li>
        </grains>
        <volumeRange>
          <min>50</min>
          <max>50</max>
        </volumeRange>
      </li>
    </subSounds>
  </SoundDef>

</Defs>
