﻿<?xml version="1.0" encoding="utf-8"?><Defs>

  <SoundDef>
    <defName>OrbitalTargeter_Aiming</defName>
    <sustain>true</sustain>
    <context>MapOnly</context>
    <eventNames />
    <maxSimultaneous>2</maxSimultaneous>
    <priorityMode>PrioritizeNearest</priorityMode>  
    <subSounds>
      <li>
        <tempoAffectedByGameSpeed>true</tempoAffectedByGameSpeed>
        <grains>
          <li Class="AudioGrain_Clip">
            <clipPath>Weapon/OrbitalTargeter/OrbitalTargeter_Aiming</clipPath>
          </li>
        </grains>      
        <pitchRange>
          <min>0.99</min>        
          <max>1.01</max>
        </pitchRange>
        <volumeRange>
          <min>10</min>        
          <max>10</max>
        </volumeRange>
      </li>
    </subSounds>
  </SoundDef>

</Defs>
