﻿<?xml version="1.0" encoding="utf-8"?><Defs>

  <SoundDef>
    <defName>Interact_Grenade</defName>  
    <context>MapOnly</context> 
    <eventNames />  
    <maxSimultaneous>1</maxSimultaneous>  
    <subSounds>
      <li>
        <grains>
          <li Class="AudioGrain_Clip">
            <clipPath>Weapon/GrenadePin</clipPath>
          </li>
        </grains>      
        <volumeRange>
          <min>23.91304</min>        
          <max>23.91304</max>
        </volumeRange>      
        <pitchRange>
          <min>0.9576087</min>        
          <max>1.084783</max>
        </pitchRange>
      </li>
    </subSounds>
  </SoundDef>

  <SoundDef>
    <defName>ThrowGrenade</defName>  
    <context>MapOnly</context> 
    <eventNames />  
    <maxSimultaneous>1</maxSimultaneous>  
    <subSounds>
      <li>
        <grains>
          <li Class="AudioGrain_Folder">
            <clipFolderPath>Misc/Swish1</clipFolderPath>
          </li>
        </grains>      
        <volumeRange>
          <min>34.7826</min>        
          <max>34.7826</max>
        </volumeRange>      
        <pitchRange>
          <min>0.9576087</min>        
          <max>1.063587</max>
        </pitchRange>      
        <sustainLoop>False</sustainLoop>      
        <sustainIntervalRange>
          <min>0.1025641</min>        
          <max>0.1025641</max>
        </sustainIntervalRange>
      </li>    
      <li>
        <grains>
          <li Class="AudioGrain_Clip">
            <clipPath>Weapon/GrenadePin</clipPath>
          </li>
        </grains>      
        <volumeRange>
          <min>30</min>        
          <max>30</max>
        </volumeRange>      
        <pitchRange>
          <min>1</min>        
          <max>1.114706</max>
        </pitchRange>      
        <sustainLoop>False</sustainLoop>
      </li>
    </subSounds>
  </SoundDef>

  <SoundDef>
    <defName>Interact_MolotovCocktail</defName>  
    <context>MapOnly</context> 
    <eventNames />  
    <maxSimultaneous>1</maxSimultaneous>  
    <subSounds>
      <li>
        <grains>
          <li Class="AudioGrain_Clip">
            <clipPath>Weapon/GrenadePin</clipPath>
          </li>
        </grains>      
        <volumeRange>
          <min>25</min>        
          <max>25</max>
        </volumeRange>      
        <pitchRange>
          <min>0.9788043</min>        
          <max>1.084783</max>
        </pitchRange>
      </li>
    </subSounds>
  </SoundDef>

  <SoundDef>
    <defName>ThrowMolotovCocktail</defName>  
    <context>MapOnly</context> 
    <eventNames />  
    <maxSimultaneous>1</maxSimultaneous>  
    <subSounds>
      <li>
        <grains>
          <li Class="AudioGrain_Folder">
            <clipFolderPath>Misc/Swish2</clipFolderPath>
          </li>
        </grains>      
        <volumeRange>
          <min>25</min>        
          <max>25</max>
        </volumeRange>      
        <pitchRange>
          <min>0.9788043</min>        
          <max>1.063587</max>
        </pitchRange>
      </li>
    </subSounds>
  </SoundDef>

  <SoundDef>
    <defName>Interact_Revolver</defName>  
    <context>MapOnly</context>
    <eventNames />  
    <maxSimultaneous>1</maxSimultaneous>  
    <subSounds>
      <li>
        <grains>
          <li Class="AudioGrain_Clip">
            <clipPath>UI/WeaponHandling/HandleWeapon_SmallA</clipPath>
          </li>
        </grains>
      </li>
    </subSounds>
  </SoundDef>

  <SoundDef>
    <defName>Interact_Autopistol</defName>  
    <context>MapOnly</context>
    <eventNames />  
    <maxSimultaneous>1</maxSimultaneous>  
    <subSounds>
      <li>
        <grains>
          <li Class="AudioGrain_Clip">
            <clipPath>UI/WeaponHandling/HandleWeapon_SmallA</clipPath>
          </li>
        </grains>
      </li>
    </subSounds>
  </SoundDef>

  <SoundDef>
    <defName>GunShotA</defName>  
    <context>MapOnly</context>
    <eventNames />  
    <maxSimultaneous>1</maxSimultaneous>  
    <subSounds>
      <li>
        <grains>
          <li Class="AudioGrain_Clip">
            <clipPath>Weapon/GunShotA</clipPath>
          </li>
        </grains>      
        <pitchRange>
          <min>0.936413</min>        
          <max>1.042391</max>
        </pitchRange>      
        <paramMappings>
          <li>
            <inParam Class="SoundParamSource_CameraAltitude" />          
            <outParam Class="SoundParamTarget_PropertyLowPass">
              <filterProperty>Cutoff</filterProperty>
            </outParam>          
            <paramUpdateMode>Constant</paramUpdateMode>          
            <curve>
              <points>
                <li>
                  <loc>
                    <x>17.08957</x>                  
                    <y>21001.8</y>
                  </loc>
                </li>              
                <li>
                  <loc>
                    <x>24.77761</x>                  
                    <y>12701.95</y>
                  </loc>
                </li>              
                <li>
                  <loc>
                    <x>32.786</x>                  
                    <y>7168.717</y>
                  </loc>
                </li>              
                <li>
                  <loc>
                    <x>45.91975</x>                  
                    <y>4270.358</y>
                  </loc>
                </li>              
                <li>
                  <loc>
                    <x>66.10088</x>                  
                    <y>2557.69</y>
                  </loc>
                </li>
              </points>
            </curve>
          </li>
        </paramMappings>      
        <filters>
          <li Class="SoundFilterLowPass">
            <cutoffFrequency>10000</cutoffFrequency>          
            <lowpassResonaceQ>1</lowpassResonaceQ>
          </li>
        </filters>      
        <sustainLoop>False</sustainLoop>
      </li>
    </subSounds>
  </SoundDef>

  <SoundDef>
    <defName>Interact_Shotgun</defName>  
    <context>MapOnly</context>
    <eventNames />  
    <maxSimultaneous>1</maxSimultaneous>  
    <subSounds>
      <li>
        <grains>
          <li Class="AudioGrain_Clip">
            <clipPath>UI/WeaponHandling/HandleWeapon_BigALow</clipPath>
          </li>
        </grains>      
        <volumeRange>
          <min>25</min>        
          <max>25</max>
        </volumeRange>      
        <pitchRange>
          <min>0.8728257</min>        
          <max>1</max>
        </pitchRange>
      </li>
    </subSounds>
  </SoundDef>

  <SoundDef>
    <defName>Interact_Rifle</defName>  
    <context>MapOnly</context>
    <eventNames />  
    <maxSimultaneous>1</maxSimultaneous>  
    <subSounds>
      <li>
        <grains>
          <li Class="AudioGrain_Clip">
            <clipPath>UI/WeaponHandling/HandleWeaponA</clipPath>
          </li>
        </grains>      
        <volumeRange>
          <min>25</min>        
          <max>25</max>
        </volumeRange>      
        <paramMappings>
          <li>
            <inParam Class="SoundParamSource_CameraAltitude" />          
            <outParam Class="SoundParamTarget_PropertyReverb">
              <baseSetup>
                <dryLevel>0</dryLevel>              
                <room>-1000</room>              
                <roomHF>-6000</roomHF>              
                <roomLF>0</roomLF>              
                <decayTime>0.17</decayTime>              
                <decayHFRatio>0.1</decayHFRatio>              
                <reflectionsLevel>-1204</reflectionsLevel>              
                <reflectionsDelay>0</reflectionsDelay>              
                <reverbLevel>207</reverbLevel>              
                <reverbDelay>0.002</reverbDelay>              
                <hfReference>5000</hfReference>              
                <lfReference>250</lfReference>              
                <diffusion>100</diffusion>              
                <density>100</density>
              </baseSetup>            
              <targetSetup>
                <dryLevel>0</dryLevel>              
                <room>-1000</room>              
                <roomHF>-500</roomHF>              
                <roomLF>0</roomLF>              
                <decayTime>3.92</decayTime>              
                <decayHFRatio>0.7</decayHFRatio>              
                <reflectionsLevel>-1230</reflectionsLevel>              
                <reflectionsDelay>0</reflectionsDelay>              
                <reverbLevel>-2</reverbLevel>              
                <reverbDelay>0.029</reverbDelay>              
                <hfReference>5000</hfReference>              
                <lfReference>250</lfReference>              
                <diffusion>100</diffusion>              
                <density>100</density>
              </targetSetup>
            </outParam>          
            <paramUpdateMode>Constant</paramUpdateMode>          
            <curve>
              <points>
                <li>
                  <loc>
                    <x>0</x>                  
                    <y>0</y>
                  </loc>
                </li>              
                <li>
                  <loc>
                    <x>28.00688</x>                  
                    <y>0.7644969</y>
                  </loc>
                </li>              
                <li>
                  <loc>
                    <x>52.18179</x>                  
                    <y>0.9989628</y>
                  </loc>
                </li>
              </points>
            </curve>
          </li>
        </paramMappings>      
        <filters>
          <li Class="SoundFilterReverb">
            <baseSetup>
              <dryLevel>0</dryLevel>            
              <room>0</room>            
              <roomHF>0</roomHF>            
              <roomLF>0</roomLF>            
              <decayTime>1</decayTime>            
              <decayHFRatio>0.5</decayHFRatio>            
              <reflectionsLevel>-10000</reflectionsLevel>            
              <reflectionsDelay>0</reflectionsDelay>            
              <reverbLevel>0</reverbLevel>            
              <reverbDelay>0.04</reverbDelay>            
              <hfReference>5000</hfReference>            
              <lfReference>250</lfReference>            
              <diffusion>100</diffusion>            
              <density>100</density>
            </baseSetup>
          </li>
        </filters>
      </li>
    </subSounds>
  </SoundDef>

  <SoundDef>
    <defName>Interact_AssaultRifle</defName>  
    <context>MapOnly</context>
    <eventNames />  
    <maxSimultaneous>1</maxSimultaneous>  
    <subSounds>
      <li>
        <grains>
          <li Class="AudioGrain_Clip">
            <clipPath>UI/WeaponHandling/HandleWeaponB</clipPath>
          </li>
        </grains>      
        <volumeRange>
          <min>25</min>        
          <max>25</max>
        </volumeRange>
      </li>
    </subSounds>
  </SoundDef>

  <SoundDef>
    <defName>Interact_SMG</defName>  
    <context>MapOnly</context>
    <eventNames />  
    <maxSimultaneous>1</maxSimultaneous>  
    <subSounds>
      <li>
        <grains>
          <li Class="AudioGrain_Clip">
            <clipPath>UI/WeaponHandling/HandleWeaponA</clipPath>
          </li>
        </grains>      
        <volumeRange>
          <min>25</min>        
          <max>25</max>
        </volumeRange>      
        <pitchRange>
          <min>0.9152174</min>        
          <max>1.042391</max>
        </pitchRange>
      </li>
    </subSounds>
  </SoundDef>

  <SoundDef>
    <defName>Interact_ChargeRifle</defName>  
    <context>MapOnly</context>
    <eventNames />  
    <maxSimultaneous>1</maxSimultaneous>  
    <subSounds>
      <li>
        <grains>
          <li Class="AudioGrain_Clip">
            <clipPath>UI/WeaponHandling/HandleWeaponB</clipPath>
          </li>
        </grains>      
        <volumeRange>
          <min>25</min>        
          <max>25</max>
        </volumeRange>      
        <pitchRange>
          <min>0.9576087</min>        
          <max>1.042391</max>
        </pitchRange>
      </li>
    </subSounds>
  </SoundDef>

  <SoundDef>
    <defName>Interact_ChargeLance</defName>
    <context>MapOnly</context>
    <eventNames />
    <maxSimultaneous>1</maxSimultaneous>
    <subSounds>
      <li>
        <grains>
          <li Class="AudioGrain_Clip">
            <clipPath>UI/WeaponHandling/HandleWeaponB</clipPath>
          </li>
        </grains>
        <volumeRange>
          <min>25</min>
          <max>25</max>
        </volumeRange>
        <pitchRange>
          <min>0.85</min>
          <max>0.95</max>
        </pitchRange>
      </li>
    </subSounds>
  </SoundDef>

  <SoundDef>
    <defName>Bow_Small</defName>  
    <context>MapOnly</context>
    <eventNames />  
    <subSounds>
      <li>
        <grains>
          <li Class="AudioGrain_Clip">
            <clipPath>Weapon/BowA</clipPath>
          </li>
        </grains>      
        <volumeRange>
          <min>56.09319</min>        
          <max>53.58423</max>
        </volumeRange>      
        <pitchRange>
          <min>1.153763</min>        
          <max>1.265591</max>
        </pitchRange>
      </li>
    </subSounds>
  </SoundDef>

  <SoundDef>
    <defName>Bow_Recurve</defName>
    <context>MapOnly</context>
    <eventNames />
    <subSounds>
      <li>
        <grains>
          <li Class="AudioGrain_Clip">
            <clipPath>Weapon/BowB</clipPath>
          </li>
        </grains>
        <volumeRange>
          <min>45.70111</min>
          <max>55.30627</max>
        </volumeRange>
        <pitchRange>
          <min>0.55</min>
          <max>0.65</max>
        </pitchRange>
      </li>
    </subSounds>
  </SoundDef>
  
  <SoundDef>
    <defName>Bow_Large</defName>  
    <context>MapOnly</context>
    <eventNames />  
    <subSounds>
      <li>
        <grains>
          <li Class="AudioGrain_Clip">
            <clipPath>Weapon/BowA</clipPath>
          </li>
        </grains>      
        <volumeRange>
          <min>60.70111</min>        
          <max>77.30627</max>
        </volumeRange>      
        <pitchRange>
          <min>0.6976015</min>        
          <max>0.7769372</max>
        </pitchRange>
      </li>
    </subSounds>
  </SoundDef>

  <SoundDef>
    <defName>InfernoCannon_Fire</defName>  
    <context>MapOnly</context>
    <eventNames />  
    <maxSimultaneous>1</maxSimultaneous>  
    <subSounds>
      <li>
        <grains>
          <li Class="AudioGrain_Folder">
            <clipFolderPath>Weapon/InfernoCannon_Fire</clipFolderPath>
          </li>
        </grains>      
        <pitchRange>
          <min>1.4</min>        
          <max>1.6</max>
        </pitchRange>
      </li>
    </subSounds>
  </SoundDef>

  <SoundDef>
    <defName>Shot_ChargeRifle</defName>  
    <context>MapOnly</context>
    <eventNames />  
    <maxSimultaneous>1</maxSimultaneous>  
    <subSounds>
      <li>
        <grains>
          <li Class="AudioGrain_Folder">
            <clipFolderPath>Weapon/ChargeRifle</clipFolderPath>
          </li>
        </grains>
      </li>
    </subSounds>
  </SoundDef>

  <SoundDef>
    <defName>Shot_Revolver</defName>  
    <context>MapOnly</context>
    <eventNames />  
    <maxSimultaneous>1</maxSimultaneous>  
    <subSounds>
      <li>
        <grains>
          <li Class="AudioGrain_Folder">
            <clipFolderPath>Weapon/Revolver</clipFolderPath>
          </li>
        </grains>      
        <volumeRange>
          <min>35</min>        
          <max>35</max>
        </volumeRange>      
        <sustainLoop>False</sustainLoop>
      </li>
    </subSounds>
  </SoundDef>

  <SoundDef>
    <defName>Shot_Autopistol</defName>  
    <context>MapOnly</context>
    <eventNames />  
    <maxSimultaneous>1</maxSimultaneous>  
    <subSounds>
      <li>
        <grains>
          <li Class="AudioGrain_Folder">
            <clipFolderPath>Weapon/Autopistol</clipFolderPath>
          </li>
        </grains>      
        <volumeRange>
          <min>61.76471</min>        
          <max>61.76471</max>
        </volumeRange>      
        <sustainLoop>False</sustainLoop>
      </li>
    </subSounds>
  </SoundDef>

  <SoundDef>
    <defName>Shot_MachinePistol</defName>  
    <context>MapOnly</context>
    <eventNames />  
    <maxSimultaneous>1</maxSimultaneous>  
    <subSounds>
      <li>
        <grains>
          <li Class="AudioGrain_Folder">
            <clipFolderPath>Weapon/MachinePistol</clipFolderPath>
          </li>
        </grains>      
        <sustainLoop>False</sustainLoop>
      </li>
    </subSounds>
  </SoundDef>

  <SoundDef>
    <defName>Shot_HeavySMG</defName>  
    <context>MapOnly</context>
    <eventNames />  
    <maxSimultaneous>1</maxSimultaneous>  
    <subSounds>
      <li>
        <name>Shot</name>      
        <grains>
          <li Class="AudioGrain_Folder">
            <clipFolderPath>Weapon/HeavySMG</clipFolderPath>
          </li>
        </grains>      
        <volumeRange>
          <min>40.58823</min>        
          <max>40.58823</max>
        </volumeRange>
      </li>
    </subSounds>
  </SoundDef>

  <SoundDef>
    <defName>Shot_AssaultRifle</defName>  
    <context>MapOnly</context>
    <eventNames />  
    <maxSimultaneous>1</maxSimultaneous>  
    <subSounds>
      <li>
        <grains>
          <li Class="AudioGrain_Folder">
            <clipFolderPath>Weapon/AssaultRifle</clipFolderPath>
          </li>
        </grains>      
        <volumeRange>
          <min>45.2941</min>        
          <max>45.2941</max>
        </volumeRange>      
        <pitchRange>
          <min>1.091765</min>        
          <max>1</max>
        </pitchRange>      
        <sustainLoop>False</sustainLoop>
      </li>
    </subSounds>
  </SoundDef>

  <SoundDef>
    <defName>Shot_Autocannon</defName>
    <context>MapOnly</context>
    <eventNames />
    <maxSimultaneous>1</maxSimultaneous>
    <subSounds>
      <li>
        <grains>
          <li Class="AudioGrain_Folder">
            <clipFolderPath>Weapon/AssaultRifle</clipFolderPath>
          </li>
        </grains>
        <volumeRange>
          <min>45.2941</min>
          <max>45.2941</max>
        </volumeRange>
        <pitchRange>
          <min>1.1</min>
          <max>1.2</max>
        </pitchRange>
        <sustainLoop>False</sustainLoop>
      </li>
    </subSounds>
  </SoundDef>

  <SoundDef>
    <defName>Shot_TurretSniper</defName>
    <context>MapOnly</context>
    <eventNames />
    <maxSimultaneous>1</maxSimultaneous>
    <subSounds>
      <li>
        <grains>
          <li Class="AudioGrain_Folder">
            <clipFolderPath>Weapon/SniperRifle</clipFolderPath>
          </li>
        </grains>
        <volumeRange>
          <min>77</min>
          <max>77</max>
        </volumeRange>
        <pitchRange>
          <min>0.7</min>
          <max>0.8</max>
        </pitchRange>
        <sustainLoop>False</sustainLoop>
      </li>
    </subSounds>
  </SoundDef>

  <SoundDef>
    <defName>Shot_Shotgun</defName>  
    <context>MapOnly</context>
    <eventNames />  
    <maxSimultaneous>1</maxSimultaneous>  
    <subSounds>
      <li>
        <grains>
          <li Class="AudioGrain_Folder">
            <clipFolderPath>Weapon/Shotgun/Shot</clipFolderPath>
          </li>
        </grains>      
        <volumeRange>
          <min>94.70588</min>        
          <max>94.70588</max>
        </volumeRange>      
        <distRange>
          <min>39.11765</min>        
          <max>70</max>
        </distRange>
      </li>    
      <li>
        <grains>
          <li Class="AudioGrain_Folder">
            <clipFolderPath>Weapon/Shotgun/Rack</clipFolderPath>
          </li>
        </grains>      
        <volumeRange>
          <min>10.58823</min>        
          <max>10.58823</max>
        </volumeRange>      
        <pitchRange>
          <min>0.9311765</min>        
          <max>1.137647</max>
        </pitchRange>      
        <sustainLoop>False</sustainLoop>
      </li>
    </subSounds>
  </SoundDef>

  <SoundDef>
    <defName>Shot_BoltActionRifle</defName>  
    <context>MapOnly</context>
    <eventNames />  
    <maxSimultaneous>1</maxSimultaneous>  
    <subSounds>
      <li>
        <grains>
          <li Class="AudioGrain_Folder">
            <clipFolderPath>Weapon/BoltActionRifle</clipFolderPath>
          </li>
        </grains>      
        <pitchRange>
          <min>0.9770592</min>        
          <max>1.114706</max>
        </pitchRange>      
        <sustainLoop>False</sustainLoop>
      </li>
    </subSounds>
  </SoundDef>

  <SoundDef>
    <defName>Shot_SniperRifle</defName>  
    <context>MapOnly</context>
    <eventNames />  
    <maxSimultaneous>1</maxSimultaneous>  
    <subSounds>
      <li>
        <grains>
          <li Class="AudioGrain_Folder">
            <clipFolderPath>Weapon/SniperRifle</clipFolderPath>
          </li>
        </grains>      
        <volumeRange>
          <min>70</min>        
          <max>70</max>
        </volumeRange>      
        <sustainLoop>False</sustainLoop>
      </li>
    </subSounds>
  </SoundDef>

  <SoundDef>
    <defName>Shot_Minigun</defName>  
    <context>MapOnly</context>
    <eventNames />  
    <maxVoices>8</maxVoices>  
    <maxSimultaneous>4</maxSimultaneous>  
    <subSounds>
      <li>
        <grains>
          <li Class="AudioGrain_Folder">
            <clipFolderPath>Weapon/Minigun/Shot</clipFolderPath>
          </li>
        </grains>      
        <volumeRange>
          <min>33.52942</min>        
          <max>33.52942</max>
        </volumeRange>
      </li>
    </subSounds>
  </SoundDef>

  <SoundDef>
    <defName>ChargeLance_Fire</defName>  
    <context>MapOnly</context>
    <eventNames />  
    <maxSimultaneous>1</maxSimultaneous>  
    <subSounds>
      <li>
        <grains>
          <li Class="AudioGrain_Folder">
            <clipFolderPath>Weapon/ChargeLance/Fire</clipFolderPath>
          </li>
        </grains>      
        <pitchRange>
          <min>0.9082353</min>        
          <max>1.045882</max>
        </pitchRange>      
        <sustainLoop>False</sustainLoop>
      </li>
    </subSounds>
  </SoundDef>

  <SoundDef>
    <defName>Shot_ChargeBlaster</defName>  
    <context>MapOnly</context>
    <eventNames />  
    <maxSimultaneous>1</maxSimultaneous>  
    <subSounds>
      <li>
        <grains>
          <li Class="AudioGrain_Clip">
            <clipPath>Weapon/ChargeShotA</clipPath>
          </li>
        </grains>      
        <pitchRange>
          <min>1.4</min>        
          <max>1.6</max>
        </pitchRange>
      </li>
    </subSounds>
  </SoundDef>

  <SoundDef>
    <defName>Shot_IncendiaryLauncher</defName>  
    <context>MapOnly</context>
    <eventNames />  
    <maxSimultaneous>1</maxSimultaneous>  
    <subSounds>
      <li>
        <grains>
          <li Class="AudioGrain_Folder">
            <clipFolderPath>Weapon/IncendiaryLauncher</clipFolderPath>
          </li>
        </grains>      
        <volumeRange>
          <min>40.58823</min>        
          <max>40.58823</max>
        </volumeRange>
      </li>
    </subSounds>
  </SoundDef>

  <SoundDef>
    <defName>OrbitalTargeter_Fire</defName>
    <context>MapOnly</context>
    <eventNames />
    <maxSimultaneous>1</maxSimultaneous>
    <subSounds>
      <li>
        <grains>
          <li Class="AudioGrain_Clip">
            <clipPath>Weapon/OrbitalTargeter/OrbitalTargeter_Fire</clipPath>
          </li>
        </grains>      
        <pitchRange>
          <min>0.99</min>        
          <max>1.01</max>
        </pitchRange>
        <volumeRange>
          <min>18</min>        
          <max>18</max>
        </volumeRange>
      </li>
    </subSounds>
  </SoundDef>

</Defs>