﻿<?xml version="1.0" encoding="utf-8"?><Defs>

  <SoundDef>
    <defName>Explosion_Bomb</defName>  
    <context>MapOnly</context> 
    <eventNames />  
    <maxSimultaneous>1</maxSimultaneous>  
    <subSounds>
      <li>
        <grains>
          <li Class="AudioGrain_Folder">
            <clipFolderPath>Weapon/Artillery/Mortar_Explode_Dry</clipFolderPath>
          </li>
        </grains>      
        <volumeRange>
          <min>80</min>        
          <max>80</max>
        </volumeRange>      
        <pitchRange>
          <min>0.8516304</min>        
          <max>1.254348</max>
        </pitchRange>
      </li>
    </subSounds>
  </SoundDef>


  <SoundDef>
    <defName>Explosion_Stun</defName>
    <context>MapOnly</context> 
    <eventNames />
    <maxSimultaneous>1</maxSimultaneous>
    <subSounds>
      <li>
        <grains>
          <li Class="AudioGrain_Folder">
            <clipFolderPath>Weapon/Artillery/Mortar_Explode_Dry</clipFolderPath>
          </li>
        </grains>
        <volumeRange>
          <min>70</min>
          <max>70</max>
        </volumeRange>
        <pitchRange>
          <min>1.6516304</min>
          <max>1.954348</max>
        </pitchRange>
      </li>
    </subSounds>
  </SoundDef>  
  
  
  <SoundDef>
    <defName>Explosion_Flame</defName>  
    <context>MapOnly</context> 
    <eventNames />  
    <maxSimultaneous>1</maxSimultaneous>  
    <subSounds>
      <li>
        <grains>
          <li Class="AudioGrain_Folder">
            <clipFolderPath>Weapon/Artillery/Mortar_Explode_Incendiary</clipFolderPath>
          </li>
        </grains>      
        <volumeRange>
          <min>88.23529</min>        
          <max>90.58823</max>
        </volumeRange>      
        <pitchRange>
          <min>0.7456522</min>        
          <max>1.084783</max>
        </pitchRange>
      </li>
    </subSounds>
  </SoundDef>


  <SoundDef>
    <defName>Explosion_EMP</defName>
    <context>MapOnly</context> 
    <eventNames />
    <maxSimultaneous>1</maxSimultaneous>
    <subSounds>
      <li>
        <grains>
          <li Class="AudioGrain_Folder">
            <clipFolderPath>Weapon/Artillery/Mortar_Explode_Dry</clipFolderPath>
          </li>
        </grains>
        <volumeRange>
          <min>80</min>
          <max>80</max>
        </volumeRange>
        <pitchRange>
          <min>5.8516304</min>
          <max>6.954348</max>
        </pitchRange>
      </li>
    </subSounds>
  </SoundDef>

  <SoundDef>
    <defName>Explosion_Smoke</defName>
    <context>MapOnly</context>
    <eventNames />
    <maxSimultaneous>1</maxSimultaneous>
    <subSounds>
      <li>
        <grains>
          <li Class="AudioGrain_Folder">
            <clipFolderPath>Weapon/Artillery/Mortar_Explode_Dry</clipFolderPath>
          </li>
        </grains>
        <volumeRange>
          <min>70</min>
          <max>70</max>
        </volumeRange>
        <pitchRange>
          <min>1.6516304</min>
          <max>1.954348</max>
        </pitchRange>
      </li>
    </subSounds>
  </SoundDef>

  <SoundDef>
    <defName>Explosion_GiantBomb</defName>  
    <context>MapOnly</context> 
    <eventNames />  
    <maxSimultaneous>1</maxSimultaneous>  
    <subSounds>
      <li>
        <grains>
          <li Class="AudioGrain_Folder">
            <clipFolderPath>Explosion/GiantExplosion</clipFolderPath>
          </li>
        </grains>      
        <volumeRange>
          <min>100</min>        
          <max>100</max>
        </volumeRange>      
        <pitchRange>
          <min>0.98</min>        
          <max>1.02</max>
        </pitchRange>
      </li>
    </subSounds>
  </SoundDef>

</Defs>
