﻿<?xml version="1.0" encoding="utf-8" ?>
<Defs>

	<ThingDef Abstract="True" Name="BaseWeapon">
		<thingClass>ThingWithComps</thingClass>
		<category>Item</category>
		<drawGUIOverlay>true</drawGUIOverlay>
		<altitudeLayer>Item</altitudeLayer>
		<alwaysHaulable>true</alwaysHaulable>
		<tickerType>Never</tickerType>
		<equipmentType>Primary</equipmentType>
		<useHitPoints>true</useHitPoints>
		<pathCost>10</pathCost>
		<selectable>true</selectable>
		<statBases>
			<MaxHitPoints>100</MaxHitPoints>
			<Flammability>1.0</Flammability>
			<DeteriorationRate>2</DeteriorationRate>
			<Beauty>-3</Beauty>
			<SellPriceFactor>0.20</SellPriceFactor>
		</statBases>
		<comps>
			<li Class="CompProperties_Forbiddable"/>
			<li>
				<compClass>CompEquippable</compClass>
			</li>
		</comps>
		<graphicData>
			<onGroundRandomRotateAngle>35</onGroundRandomRotateAngle>
		</graphicData>
	</ThingDef>

  <!--==================================== Ranged ====================================-->

  <ThingDef Name="BaseGun" Abstract="True" ParentName="BaseWeapon">
    <techLevel>Industrial</techLevel>
    <smeltable>true</smeltable>
    <thingCategories>
      <li>WeaponsRanged</li>
    </thingCategories>
    <inspectorTabs>
      <li>ITab_Art</li>
    </inspectorTabs>
    <statBases>
      <Flammability>0.5</Flammability>
    </statBases>
    <comps>
      <li Class="CompProperties_Art">
        <nameMaker>NamerArtWeaponGun</nameMaker>
        <descriptionMaker>ArtDescription_WeaponGun</descriptionMaker>
        <minQualityForArtistic>Excellent</minQualityForArtistic>
      </li>
    </comps>
  </ThingDef>

  <ThingDef Name="BaseGunWithQuality" Abstract="True" ParentName="BaseGun">
    <comps>
      <li>
        <compClass>CompQuality</compClass>
      </li>
    </comps>
  </ThingDef>

  <ThingDef Name="BaseMakeableGun" ParentName="BaseGunWithQuality" Abstract="True">
    <recipeMaker>
      <workSpeedStat>SmithingSpeed</workSpeedStat>
      <workSkill>Crafting</workSkill>
      <effectWorking>Smith</effectWorking>
      <soundWorking>Recipe_Smith</soundWorking>
      <recipeUsers>
        <li>TableMachining</li>
      </recipeUsers>
      <unfinishedThingDef>UnfinishedGun</unfinishedThingDef>
      <researchPrerequisite>Gunsmithing</researchPrerequisite>
    </recipeMaker>
  </ThingDef>

  <ThingDef Name="BaseHumanGun" ParentName="BaseGunWithQuality" Abstract="True">
    <weaponTags>
      <li>Gun</li>
    </weaponTags>
  </ThingDef>

  <ThingDef Name="BaseHumanMakeableGun" ParentName="BaseMakeableGun" Abstract="True">
    <weaponTags>
      <li>Gun</li>
    </weaponTags>
  </ThingDef>

  <ThingDef Name="BaseBullet" Abstract="True">
    <category>Projectile</category>
    <tickerType>Normal</tickerType>
    <altitudeLayer>Projectile</altitudeLayer>
    <thingClass>Bullet</thingClass>
    <label>bullet</label>
    <useHitPoints>False</useHitPoints>
    <neverMultiSelect>True</neverMultiSelect>
    <graphicData>
      <shaderType>Transparent</shaderType>
    </graphicData>
  </ThingDef>
  
  <!--==================================== Melee ====================================-->


  <ThingDef Name="BaseMeleeWeapon" Abstract="True" ParentName="BaseWeapon">
    <techLevel>Industrial</techLevel>
    <smeltable>true</smeltable>
    <thingCategories>
      <li>WeaponsMelee</li>
    </thingCategories>

    <recipeMaker>
      <workSpeedStat>SmithingSpeed</workSpeedStat>
      <workSkill>Crafting</workSkill>
      <effectWorking>Smith</effectWorking>
      <soundWorking>Recipe_Smith</soundWorking>
      <recipeUsers>
        <li>ElectricSmithy</li>
        <li>FueledSmithy</li>
      </recipeUsers>
      <unfinishedThingDef>UnfinishedWeapon</unfinishedThingDef>
    </recipeMaker>
    <inspectorTabs>
      <li>ITab_Art</li>
    </inspectorTabs>
  </ThingDef>

  <ThingDef Name="BaseMeleeWeapon_Sharp" ParentName="BaseMeleeWeapon" Abstract="True">
    <recipeMaker>
      <defaultIngredientFilter>
        <categories>
          <li>Root</li>
        </categories>
        <disallowedThingDefs>
          <li>Silver</li>
          <li>Gold</li>
          <li>WoodLog</li>
        </disallowedThingDefs>
      </defaultIngredientFilter>
    </recipeMaker>
  </ThingDef>

  <ThingDef Name="BaseMeleeWeapon_Blunt" ParentName="BaseMeleeWeapon" Abstract="True">
    <recipeMaker>
      <defaultIngredientFilter>
        <categories>
          <li>Root</li>
        </categories>
        <disallowedThingDefs>
          <li>Silver</li>
          <li>Gold</li>
        </disallowedThingDefs>
      </defaultIngredientFilter>
    </recipeMaker>
  </ThingDef>

  <ThingDef Name="BaseMeleeWeapon_Sharp_Quality" Abstract="True" ParentName="BaseMeleeWeapon_Sharp">
    <comps>
      <li>
        <compClass>CompQuality</compClass>
      </li>
      <li Class="CompProperties_Art">
        <nameMaker>NamerArtWeaponMelee</nameMaker>
        <descriptionMaker>ArtDescription_WeaponMelee</descriptionMaker>
        <minQualityForArtistic>Excellent</minQualityForArtistic>
      </li>
    </comps>
  </ThingDef>

  <ThingDef Name="BaseMeleeWeapon_Blunt_Quality" Abstract="True" ParentName="BaseMeleeWeapon_Sharp">
    <comps>
      <li>
        <compClass>CompQuality</compClass>
      </li>
      <li Class="CompProperties_Art">
        <nameMaker>NamerArtWeaponMelee</nameMaker>
        <descriptionMaker>ArtDescription_WeaponMelee</descriptionMaker>
        <minQualityForArtistic>Excellent</minQualityForArtistic>
      </li>
    </comps>
  </ThingDef>

</Defs>
