﻿<?xml version="1.0" encoding="utf-8" ?>
<Defs>

  <ThingDef ParentName="BaseBullet">
    <defName>Bullet_ChargeBlasterHeavy</defName>
    <label>charge blaster shot</label>
    <graphicData>
      <texPath>Things/Projectile/Charge_Small</texPath>
      <graphicClass>Graphic_Single</graphicClass>
      <shaderType>TransparentPostLight</shaderType>
    </graphicData>
    <projectile>
      <damageDef>Bullet</damageDef>
      <damageAmountBase>15</damageAmountBase>
      <speed>90</speed>
    </projectile>
  </ThingDef>
  <ThingDef ParentName="BaseGunWithQuality">
    <defName>Gun_ChargeBlasterHeavy</defName>
    <label>heavy charge blaster</label>
    <description>A pulse-charged rapid-fire blaster for area suppressive fire.</description>
    <graphicData>
      <texPath>Things/Item/Equipment/WeaponRanged/ChargeBlasterHeavy</texPath>
      <graphicClass>Graphic_Single</graphicClass>
    </graphicData>
    <statBases>
      <MarketValue>1400</MarketValue>
      <Mass>22</Mass>
      <AccuracyTouch>0.18</AccuracyTouch>
      <AccuracyShort>0.26</AccuracyShort>
      <AccuracyMedium>0.26</AccuracyMedium>
      <AccuracyLong>0.18</AccuracyLong>
      <RangedWeapon_Cooldown>7.4</RangedWeapon_Cooldown>
    </statBases>
    <techLevel>Spacer</techLevel>
    <menuHidden>True</menuHidden>
    <destroyOnDrop>true</destroyOnDrop>
    <tradeability>None</tradeability>
    <weaponTags>
      <li>MechanoidGunHeavy</li>
    </weaponTags>
    <verbs>
      <li>
        <verbClass>Verb_Shoot</verbClass>
        <hasStandardCommand>true</hasStandardCommand>
        <defaultProjectile>Bullet_ChargeBlasterHeavy</defaultProjectile>
        <warmupTime>1.25</warmupTime>
        <range>26.9</range>
        <ticksBetweenBurstShots>5</ticksBetweenBurstShots>
        <burstShotCount>24</burstShotCount>
        <soundCast>Shot_ChargeBlaster</soundCast>
        <soundCastTail>GunTail_Heavy</soundCastTail>
        <muzzleFlashScale>9</muzzleFlashScale>
      </li>
    </verbs>
    <tools>
      <li>
        <label>barrel</label>
        <capacities>
          <li>Blunt</li>
        </capacities>
        <power>11.7</power>
        <cooldownTime>2.6</cooldownTime>
      </li>
    </tools>
  </ThingDef>

  <ThingDef ParentName="BaseBullet">
    <defName>Bullet_InfernoCannon</defName>
    <label>inferno cannon shell</label>
    <graphicData>
      <texPath>Things/Projectile/InfernoCannonShot</texPath>
      <graphicClass>Graphic_Single</graphicClass>
      <shaderType>TransparentPostLight</shaderType>
    </graphicData>
    <thingClass>Projectile_Explosive</thingClass>
    <projectile>
      <damageDef>Flame</damageDef>
      <!-- Use default damage from explosion def -->
      <speed>45</speed>
      <explosionRadius>2.4</explosionRadius >
      <preExplosionSpawnThingDef>Filth_Fuel</preExplosionSpawnThingDef>
      <preExplosionSpawnChance>0.27</preExplosionSpawnChance>
      <ai_IsIncendiary>true</ai_IsIncendiary>
    </projectile>
  </ThingDef>
  <ThingDef ParentName="BaseGunWithQuality">
    <defName>Gun_InfernoCannon</defName>
    <label>inferno cannon</label>
    <description>An incendiary-shot mini-artillery device. It fires a large incendiary warhead.</description>
    <graphicData>
      <texPath>Things/Item/Equipment/WeaponRanged/InfernoCannon</texPath>
      <graphicClass>Graphic_Single</graphicClass>
    </graphicData>
    <statBases>
      <MarketValue>1400</MarketValue>
      <Mass>18</Mass>
      <RangedWeapon_Cooldown>8.4</RangedWeapon_Cooldown>
    </statBases>
    <techLevel>Spacer</techLevel>
    <menuHidden>True</menuHidden>
    <destroyOnDrop>true</destroyOnDrop>
    <generateCommonality>0.5</generateCommonality>
    <tradeability>None</tradeability>
    <weaponTags>
      <li>MechanoidGunHeavy</li>
    </weaponTags>
    <verbs>
      <li>
        <verbClass>Verb_Shoot</verbClass>
        <hasStandardCommand>true</hasStandardCommand>
        <defaultProjectile>Bullet_InfernoCannon</defaultProjectile>
        <forcedMissRadius>3.5</forcedMissRadius>
        <ai_AvoidFriendlyFireRadius>3</ai_AvoidFriendlyFireRadius>
        <warmupTime>1.25</warmupTime>
        <range>26.9</range>
        <burstShotCount>1</burstShotCount>
        <soundCast>InfernoCannon_Fire</soundCast>
        <soundCastTail>GunTail_Light</soundCastTail>
        <muzzleFlashScale>14</muzzleFlashScale>
      </li>
    </verbs>
    <tools>
      <li>
        <label>barrel</label>
        <capacities>
          <li>Blunt</li>
        </capacities>
        <power>11.7</power>
        <cooldownTime>2.6</cooldownTime>
      </li>
    </tools>
  </ThingDef>

</Defs>