﻿<?xml version="1.0" encoding="utf-8" ?>
<Defs>
    
    <ThingDef Name="BaseGrenadeProjectile" Abstract="True">
        <category>Projectile</category>
        <altitudeLayer>Projectile</altitudeLayer>
        <thingClass>Projectile_Explosive</thingClass>
        <label>projectile</label>
        <tickerType>Normal</tickerType>
        <useHitPoints>False</useHitPoints>
        <neverMultiSelect>True</neverMultiSelect>
        <graphicData>
            <shaderType>Transparent</shaderType>
        </graphicData>
        <projectile>
            <speed>12</speed>
            <flyOverhead>false</flyOverhead>
        </projectile>
    </ThingDef>
    
    <ThingDef Name="BaseMakeableGrenade" ParentName="BaseWeapon" Abstract="True">
        <recipeMaker>
            <workSpeedStat>SmithingSpeed</workSpeedStat>
            <workSkill>Crafting</workSkill>
            <effectWorking>Smith</effectWorking>
            <soundWorking>Recipe_Smith</soundWorking>
            <recipeUsers>
                <li>TableMachining</li>
            </recipeUsers>
            <unfinishedThingDef>UnfinishedGun</unfinishedThingDef>
        </recipeMaker>
    </ThingDef>
    
    <!-- ==================== Frag grenade ========================== -->
    
    <ThingDef ParentName="BaseMakeableGrenade">
        <defName>Weapon_GrenadeFrag</defName>
        <label>frag grenades</label>
        <description>Old-school fragmentation grenades. They can be thrown a short distance, where they'll explode, damaging anything and anyone nearby.</description>
        <tickerType>Normal</tickerType>
        <graphicData>
            <texPath>Things/Item/Equipment/WeaponRanged/Grenades</texPath>
            <graphicClass>Graphic_Single</graphicClass>
        </graphicData>
        <soundInteract>Interact_Grenade</soundInteract>
        <techLevel>Industrial</techLevel>
        <statBases>
            <Mass>1</Mass>
            <RangedWeapon_Cooldown>2.66</RangedWeapon_Cooldown>
            <WorkToMake>12000</WorkToMake>
        </statBases>
        <costList>
            <Steel>20</Steel>
            <Chemfuel>80</Chemfuel>
        </costList>
        <weaponTags>
            <li>GrenadeDestructive</li>
        </weaponTags>
        <thingCategories>
            <li>Grenades</li>
        </thingCategories>
        <verbs>
            <li>
                <label>throw frag grenade</label>
                <verbClass>Verb_LaunchProjectile</verbClass>
                <hasStandardCommand>true</hasStandardCommand>
                <range>12.9</range>
                <forcedMissRadius>1.9</forcedMissRadius>
                <warmupTime>1.5</warmupTime>
                <noiseRadius>4</noiseRadius>
                <ai_IsBuildingDestroyer>true</ai_IsBuildingDestroyer>
                <soundCast>ThrowGrenade</soundCast>
                <targetParams>
                    <canTargetLocations>true</canTargetLocations>
                </targetParams>
                <defaultProjectile>Proj_GrenadeFrag</defaultProjectile>
                <rangedFireRulepack>Combat_RangedFire_Thrown</rangedFireRulepack>
            </li>
        </verbs>
        <comps>
            <li Class="CompProperties_Explosive">
                <explosiveRadius>2.66</explosiveRadius>
                <explosiveDamageType>Bomb</explosiveDamageType>
                <requiredDamageTypeToExplode>Flame</requiredDamageTypeToExplode>
            </li>
        </comps>
    </ThingDef>
    
    <ThingDef ParentName="BaseGrenadeProjectile">
        <defName>Proj_GrenadeFrag</defName>
        <label>frag grenade</label>
        <thingClass>Projectile_Explosive</thingClass>
        <graphicData>
            <texPath>Things/Projectile/Grenade</texPath>
            <graphicClass>Graphic_Single</graphicClass>
        </graphicData>
        <projectile>
            <explosionRadius >1.9</explosionRadius >
            <damageDef>Bomb</damageDef>
            <!-- Use default damage from explosion def -->
            <explosionDelay>100</explosionDelay>
        </projectile>
    </ThingDef>
    
    <!-- ==================== Molotov cocktail ========================== -->
    
    <ThingDef ParentName="BaseMakeableGrenade">
        <defName>Weapon_GrenadeMolotov</defName>
        <label>molotov cocktails</label>
        <description>Glass bottles filled with flammable liquid, with a burning cloth in the neck. A favorite weapon of hooligans and desperate warriors from rim to rim.</description>
        <tickerType>Normal</tickerType>
        <graphicData>
            <texPath>Things/Item/Equipment/WeaponRanged/Molotov</texPath>
            <graphicClass>Graphic_Single</graphicClass>
        </graphicData>
        <soundInteract>Interact_MolotovCocktail</soundInteract>
        <techLevel>Industrial</techLevel>
        <statBases>
            <Mass>1</Mass>
            <RangedWeapon_Cooldown>2.66</RangedWeapon_Cooldown>
            <WorkToMake>6000</WorkToMake>
        </statBases>
        <costList>
            <Cloth>25</Cloth>
            <Chemfuel>80</Chemfuel>
        </costList>
        <weaponTags>
            <li>GrenadeDestructive</li>
        </weaponTags>
        <thingCategories>
            <li>Grenades</li>
        </thingCategories>
        <verbs>
            <li>
                <label>throw molotov</label>
                <verbClass>Verb_LaunchProjectile</verbClass>
                <hasStandardCommand>true</hasStandardCommand>
                <range>12.9</range>
                <forcedMissRadius>1.9</forcedMissRadius>
                <warmupTime>1.5</warmupTime>
                <noiseRadius>4</noiseRadius>
                <ai_IsBuildingDestroyer>true</ai_IsBuildingDestroyer>
                <soundCast>ThrowMolotovCocktail</soundCast>
                <targetParams>
                    <canTargetLocations>true</canTargetLocations>
                </targetParams>
                <defaultProjectile>Proj_GrenadeMolotov</defaultProjectile>
                <rangedFireRulepack>Combat_RangedFire_Thrown</rangedFireRulepack>
            </li>
        </verbs>
        <comps>
            <li Class="CompProperties_Explosive">
                <explosiveRadius>2.66</explosiveRadius>
                <explosiveDamageType>Flame</explosiveDamageType>
                <requiredDamageTypeToExplode>Flame</requiredDamageTypeToExplode>
            </li>
        </comps>
    </ThingDef>
    
    <ThingDef ParentName="BaseGrenadeProjectile">
        <defName>Proj_GrenadeMolotov</defName>
        <label>molotov cocktail</label>
        <graphicData>
            <texPath>Things/Projectile/Molotov</texPath>
            <graphicClass>Graphic_Single</graphicClass>
        </graphicData>
        <projectile>
            <explosionRadius>1.1</explosionRadius>
            <damageDef>Flame</damageDef>
            <!-- Use default damage from explosion def -->
            <preExplosionSpawnThingDef>Filth_Fuel</preExplosionSpawnThingDef>
            <ai_IsIncendiary>true</ai_IsIncendiary>
        </projectile>
    </ThingDef>
    
    <!-- ==================== EMP grenade ========================== -->
    
    <ThingDef ParentName="BaseMakeableGrenade">
        <defName>Weapon_GrenadeEMP</defName>
        <label>EMP grenades</label>
        <description>Electromagnetic pulse grenades damaging to electronic equipment.</description>
        <tickerType>Normal</tickerType>
        <graphicData>
            <texPath>Things/Item/Equipment/WeaponRanged/EMPGrenades</texPath>
            <graphicClass>Graphic_Single</graphicClass>
        </graphicData>
        <soundInteract>Interact_Grenade</soundInteract>
        <techLevel>Industrial</techLevel>
        <statBases>
            <Mass>1</Mass>
            <RangedWeapon_Cooldown>2.66</RangedWeapon_Cooldown>
            <WorkToMake>24000</WorkToMake>
        </statBases>
        <costList>
            <Steel>20</Steel>
            <ComponentIndustrial>6</ComponentIndustrial>
        </costList>
        <weaponTags>
            <li>GrenadeEMP</li>
        </weaponTags>
        <thingCategories>
            <li>Grenades</li>
        </thingCategories>
        <verbs>
            <li>
                <label>throw EMP grenade</label>
                <verbClass>Verb_LaunchProjectile</verbClass>
                <hasStandardCommand>true</hasStandardCommand>
                <range>12.9</range>
                <forcedMissRadius>1.9</forcedMissRadius>
                <warmupTime>1.5</warmupTime>
                <noiseRadius>4</noiseRadius>
                <ai_IsBuildingDestroyer>false</ai_IsBuildingDestroyer>
                <soundCast>ThrowGrenade</soundCast>
                <targetParams>
                    <canTargetLocations>true</canTargetLocations>
                </targetParams>
                <defaultProjectile>Proj_GrenadeEMP</defaultProjectile>
                <rangedFireRulepack>Combat_RangedFire_Thrown</rangedFireRulepack>
            </li>
        </verbs>
        <comps>
            <li Class="CompProperties_Explosive">
                <explosiveRadius>2.66</explosiveRadius>
                <explosiveDamageType>EMP</explosiveDamageType>
                <requiredDamageTypeToExplode>Flame</requiredDamageTypeToExplode>
            </li>
        </comps>
        <smeltProducts>
            <Steel>10</Steel>
        </smeltProducts>
    </ThingDef>
    
    <ThingDef ParentName="BaseGrenadeProjectile">
        <defName>Proj_GrenadeEMP</defName>
        <label>EMP grenade</label>
        <thingClass>Projectile_Explosive</thingClass>
        <graphicData>
            <texPath>Things/Projectile/GrenadeEMP</texPath>
            <graphicClass>Graphic_Single</graphicClass>
        </graphicData>
        <projectile>
            <explosionRadius>3.5</explosionRadius>
            <damageDef>EMP</damageDef>
            <!-- Use default damage from explosion def -->
            <explosionDelay>100</explosionDelay>
        </projectile>
    </ThingDef>
    
</Defs>
