﻿<?xml version="1.0" encoding="utf-8" ?>
<Defs>

  <!--=============== ShipChunkDrop =============-->
  
  <IncidentDef>
    <defName>ShipChunkDrop</defName>
    <label>ship chunk drop</label>
    <targetTags>
      <li>Map_PlayerHome</li>
    </targetTags>
    <workerClass>IncidentWorker_ShipChunkDrop</workerClass>
    <category>ShipChunkDrop</category>
		<baseChance>3</baseChance>
	</IncidentDef>

  <!--=============== OrbitalVisitor =============-->

  <IncidentDef>
    <defName>OrbitalTraderArrival</defName>
    <label>orbital trader arrival</label>
    <targetTags>
      <li>Map_PlayerHome</li>
    </targetTags>
    <workerClass>IncidentWorker_OrbitalTraderArrival</workerClass>
    <category>OrbitalVisitor</category>
    <baseChance>3</baseChance>
  </IncidentDef>

  <!--================= FactionArrival ================-->

  <IncidentDef>
    <defName>TraderCaravanArrival</defName>
    <label>trader caravan arrival</label>
    <targetTags>
      <li>Map_PlayerHome</li>
    </targetTags>
    <workerClass>IncidentWorker_TraderCaravanArrival</workerClass>
    <category>FactionArrival</category>
    <baseChance>4</baseChance>
  </IncidentDef>

  <IncidentDef>
    <defName>VisitorGroup</defName>
    <label>visitor group</label>
    <targetTags>
      <li>Map_PlayerHome</li>
    </targetTags>
    <workerClass>IncidentWorker_VisitorGroup</workerClass>
    <category>FactionArrival</category>
    <baseChance>4</baseChance>
    <pointsScaleable>true</pointsScaleable>
  </IncidentDef>

  <IncidentDef>
    <defName>TravelerGroup</defName>
    <label>traveler group</label>
    <targetTags>
      <li>Map_PlayerHome</li>
    </targetTags>
    <workerClass>IncidentWorker_TravelerGroup</workerClass>
    <category>FactionArrival</category>
    <baseChance>4</baseChance>
    <pointsScaleable>true</pointsScaleable>
  </IncidentDef>

	<!--================= AllyAssistance ================-->

	<IncidentDef>
		<defName>RaidFriendly</defName>
    <label>friendly raid</label>
		<category>AllyAssistance</category>
    <targetTags>
      <li>Map_PlayerHome</li>
      <li>Map_RaidBeacon</li>
      <li>Map_TempIncident</li>
    </targetTags>
		<workerClass>IncidentWorker_RaidFriendly</workerClass>
		<baseChance>3.0</baseChance>
		<pointsScaleable>true</pointsScaleable>
	</IncidentDef>

  <!--================= Raid-beacon-attracted events ================-->

  <IncidentDef>
    <defName>RaidEnemyBeacon</defName>
    <label>enemy raid (special locations)</label>
    <targetTags>
      <li>Map_RaidBeacon</li>
    </targetTags>
    <workerClass>IncidentWorker_RaidEnemy</workerClass>
    <baseChance>1</baseChance>
    <category>RaidBeacon</category>
    <pointsScaleable>true</pointsScaleable>
    <tale>Raid</tale>
  </IncidentDef>

	<!-- =========================== Good - special ============================-->

	<IncidentDef>
		<defName>StrangerInBlackJoin</defName>
		<label>man in black</label>
		<category>Special</category>
    <targetTags>
      <li>Map_PlayerHome</li>
    </targetTags>
		<workerClass>IncidentWorker_WandererJoin</workerClass>
		<letterLabel>Man in black</letterLabel>
		<letterText>Sensing trouble, a mysterious [PAWN_kind] has arrived.\n\nWill [PAWN_pronoun] be able to set things right in these parts?</letterText>
		<baseChance>0</baseChance>
		<minRefireDays>60</minRefireDays>
    <minGreatestPopulation>3</minGreatestPopulation>
		<pawnKind>StrangerInBlack</pawnKind>
		<pawnFixedGender>Male</pawnFixedGender>
		<pawnMustBeCapableOfViolence>true</pawnMustBeCapableOfViolence>
	</IncidentDef>

</Defs>
