﻿<?xml version="1.0" encoding="utf-8" ?>
<Defs>

	<IncidentDef>
    <defName>Eclipse</defName>
    <label>eclipse</label>
		<category>Misc</category>
    <targetTags>
      <li>World</li>
    </targetTags>
    <workerClass>IncidentWorker_MakeGameCondition</workerClass>
    <gameCondition>Eclipse</gameCondition>
    <letterLabel>Eclipse</letterLabel>
    <letterText>One of the moons of this planet has orbited in front of the sun. An eclipse has begun.</letterText>
    <letterDef>NegativeEvent</letterDef>
    <baseChance>1.5</baseChance>
    <minRefireDays>15</minRefireDays>
    <durationDays>
      <min>0.75</min>
      <max>1.25</max>
    </durationDays>
    <tale>Eclipse</tale>
  </IncidentDef>

  <IncidentDef>
    <defName>SolarFlare</defName>
    <label>solar flare</label>
		<category>Misc</category>
    <targetTags>
      <li>World</li>
    </targetTags>
    <workerClass>IncidentWorker_MakeGameCondition</workerClass>
    <gameCondition>SolarFlare</gameCondition>
    <letterLabel>Solar flare</letterLabel>
    <letterText>A solar flare has begun.\n\nThe intense radiation will shut down all electrical devices.\n\nIt should pass in about a day.</letterText>
    <letterDef>NegativeEvent</letterDef>
    <baseChance>1.3</baseChance>
    <minRefireDays>15</minRefireDays>
    <durationDays>
      <min>0.15</min>
      <max>0.5</max>
    </durationDays>
  </IncidentDef>

  <IncidentDef>
    <defName>Aurora</defName>
    <label>aurora</label>
    <category>Misc</category>
    <targetTags>
      <li>World</li>
    </targetTags>
    <workerClass>IncidentWorker_Aurora</workerClass>
    <gameCondition>Aurora</gameCondition>
    <letterLabel>Aurora</letterLabel>
    <letterText>A beautiful aurora is lighting up the sky.\n\nThe undulating colors will boost the mood of anyone outside to see them, and make the night brighter.</letterText>
    <letterDef>PositiveEvent</letterDef>
    <baseChance>1.2</baseChance>
    <minRefireDays>15</minRefireDays>
    <durationDays>
      <min>0.125</min>
      <max>0.35</max>
    </durationDays>
    <tale>Aurora</tale>
  </IncidentDef>

</Defs>