﻿<?xml version="1.0" encoding="utf-8" ?>
<Defs>

  <ThingDef Abstract="True" ParentName="AnimalThingBase" Name="BaseBear">
    <statBases>
      <MoveSpeed>4.6</MoveSpeed>
      <ComfyTemperatureMin>-40</ComfyTemperatureMin>
      <MarketValue>700</MarketValue>
    </statBases>
    <tools>
      <li>
        <label>left claw</label>
        <capacities>
          <li>Scratch</li>
        </capacities>
        <power>17</power>
        <cooldownTime>2</cooldownTime>
        <linkedBodyPartsGroup>FrontLeftPaw</linkedBodyPartsGroup>
        <surpriseAttack>
          <extraMeleeDamages>
            <li>
              <def>Stun</def>
              <amount>14</amount>
            </li>
          </extraMeleeDamages>
        </surpriseAttack>
      </li>
      <li>
        <label>right claw</label>
        <capacities>
          <li>Scratch</li>
        </capacities>
        <power>17</power>
        <cooldownTime>2</cooldownTime>
        <linkedBodyPartsGroup>FrontRightPaw</linkedBodyPartsGroup>
        <surpriseAttack>
          <extraMeleeDamages>
            <li>
              <def>Stun</def>
              <amount>14</amount>
            </li>
          </extraMeleeDamages>
        </surpriseAttack>
      </li>
      <li>
        <capacities>
          <li>Bite</li>
        </capacities>
        <power>23.6</power>
        <cooldownTime>2.6</cooldownTime>
        <linkedBodyPartsGroup>Teeth</linkedBodyPartsGroup>
        <chanceFactor>0.5</chanceFactor>
        <surpriseAttack>
          <extraMeleeDamages>
            <li>
              <def>Stun</def>
              <amount>14</amount>
            </li>
          </extraMeleeDamages>
        </surpriseAttack>
      </li>
      <li>
        <label>head</label>
        <capacities>
          <li>Blunt</li>
        </capacities>
        <power>11</power>
        <cooldownTime>2</cooldownTime>
        <linkedBodyPartsGroup>HeadAttackTool</linkedBodyPartsGroup>
        <ensureLinkedBodyPartsGroupAlwaysUsable>true</ensureLinkedBodyPartsGroupAlwaysUsable>
        <chanceFactor>0.2</chanceFactor>
      </li>
    </tools>
    <race>
      <herdAnimal>false</herdAnimal>
      <predator>true</predator>
      <maxPreyBodySize>3</maxPreyBodySize>
      <body>QuadrupedAnimalWithPaws</body>
      <baseHungerRate>0.35</baseHungerRate>
      <baseBodySize>2.15</baseBodySize>
      <baseHealthScale>2.5</baseHealthScale>
      <foodType>OmnivoreAnimal, OvivoreAnimal</foodType>
      <leatherDef>Leather_Bear</leatherDef>
      <gestationPeriodDays>30</gestationPeriodDays>
      <wildness>0.80</wildness>
      <lifeExpectancy>22</lifeExpectancy>
      <trainability>Advanced</trainability>
      <manhunterOnTameFailChance>0.10</manhunterOnTameFailChance>
      <manhunterOnDamageChance>0.10</manhunterOnDamageChance>
      <lifeStageAges>
        <li>
          <def>AnimalBaby</def>
          <minAge>0</minAge>
        </li>
        <li>
          <def>AnimalJuvenile</def>
          <minAge>0.4</minAge>
        </li>
        <li>
          <def>AnimalAdult</def>
          <minAge>0.8</minAge>
          <soundWounded>Pawn_Bear_Injured</soundWounded>
          <soundDeath>Pawn_Bear_Death</soundDeath>
          <soundCall>Pawn_Bear_Call</soundCall>
          <soundAngry>Pawn_Bear_Angry</soundAngry>
        </li>
      </lifeStageAges>
      <soundMeleeHitPawn>Pawn_Melee_BigBash_HitPawn</soundMeleeHitPawn>
      <soundMeleeHitBuilding>Pawn_Melee_BigBash_HitBuilding</soundMeleeHitBuilding>
      <soundMeleeMiss>Pawn_Melee_BigBash_Miss</soundMeleeMiss>
    </race>
    <tradeTags>
      <li>AnimalUncommon</li>
      <li>AnimalFighter</li>
    </tradeTags>
  </ThingDef>
  
  <PawnKindDef Abstract="True" ParentName="AnimalKindBase" Name="BearBase">
    <combatPower>200</combatPower>
    <ecoSystemWeight>0.5</ecoSystemWeight>
  </PawnKindDef>




  <ThingDef ParentName="BaseBear">
    <defName>Bear_Grizzly</defName>
    <label>grizzly bear</label>
    <description>A huge omnivorous mammal adapted for cold climates. Bears' thick blubber and fur keeps them warm in winter.\n\nWhile their usual diet consists of fish, berries, honey, and scavenged meat, the grizzly is capable of using its massive strength and deadly claws to kill live prey. They are startlingly quick for such lumbering creatures.</description>
    <race>
      <wildness>0.80</wildness>
      <meatLabel>bear meat</meatLabel>
    </race>
  </ThingDef>

  <PawnKindDef ParentName="BearBase">
    <defName>Bear_Grizzly</defName>
    <label>grizzly bear</label>
    <race>Bear_Grizzly</race>
    <lifeStages>
      <li>
        <bodyGraphicData>
          <texPath>Things/Pawn/Animal/Bear/Bear</texPath>
          <drawSize>1.4</drawSize>
          <color>(112,82,65)</color>
          <shadowData>
            <volume>(0.4, 0.3, 0.3)</volume>
            <offset>(0,0,-0.2)</offset>
          </shadowData>
        </bodyGraphicData>
        <dessicatedBodyGraphicData>
          <texPath>Things/Pawn/Animal/Bear/Dessicated_Bear</texPath>
          <drawSize>1.4</drawSize>
        </dessicatedBodyGraphicData>
      </li>
      <li>
        <bodyGraphicData>
          <texPath>Things/Pawn/Animal/Bear/Bear</texPath>
          <drawSize>2</drawSize>
          <color>(112,82,65)</color>
          <shadowData>
            <volume>(0.6, 0.45, 0.45)</volume>
            <offset>(0,0,-0.25)</offset>
          </shadowData>
        </bodyGraphicData>
        <dessicatedBodyGraphicData>
          <texPath>Things/Pawn/Animal/Bear/Dessicated_Bear</texPath>
          <drawSize>2</drawSize>
        </dessicatedBodyGraphicData>
      </li>
      <li>
        <bodyGraphicData>
          <texPath>Things/Pawn/Animal/Bear/Bear</texPath>
          <drawSize>2.7</drawSize>
          <color>(112,82,65)</color>
          <shadowData>
            <volume>(0.8, 0.6, 0.6)</volume>
            <offset>(0,0,-0.3)</offset>
          </shadowData>
        </bodyGraphicData>
        <dessicatedBodyGraphicData>
          <texPath>Things/Pawn/Animal/Bear/Dessicated_Bear</texPath>
          <drawSize>2.7</drawSize>
        </dessicatedBodyGraphicData>
      </li>
    </lifeStages>
  </PawnKindDef>
  
  
  
  
  <ThingDef ParentName="BaseBear">
    <defName>Bear_Polar</defName>
    <label>polar bear</label>
    <description>A great white bear adapted for frozen climates. Their thick blubber and fur keep them warm in winter.\n\nWhile their usual diet consists of fish and scavenged meat, the polar bear can also use its massive strength and deadly claws to kill live prey. They are startlingly quick for such lumbering creatures.</description>
    <statBases>
      <ComfyTemperatureMin>-55</ComfyTemperatureMin>
    </statBases>
    <race>
      <wildness>0.85</wildness>
      <useMeatFrom>Bear_Grizzly</useMeatFrom>
    </race>
  </ThingDef>

  <PawnKindDef ParentName="BearBase">
    <defName>Bear_Polar</defName>
    <label>polar bear</label>
    <race>Bear_Polar</race>
    <lifeStages>
      <li>
        <bodyGraphicData>
          <texPath>Things/Pawn/Animal/Bear/Bear</texPath>
          <drawSize>1.4</drawSize>
          <color>(180,180,180)</color>
          <shadowData>
            <volume>(0.4, 0.3, 0.3)</volume>
            <offset>(0,0,-0.2)</offset>
          </shadowData>
        </bodyGraphicData>
        <dessicatedBodyGraphicData>
          <texPath>Things/Pawn/Animal/Bear/Dessicated_Bear</texPath>
          <drawSize>1.4</drawSize>
        </dessicatedBodyGraphicData>
      </li>
      <li>
        <bodyGraphicData>
          <texPath>Things/Pawn/Animal/Bear/Bear</texPath>
          <drawSize>2</drawSize>
          <color>(180,180,180)</color>
          <shadowData>
            <volume>(0.6, 0.45, 0.45)</volume>
            <offset>(0,0,-0.25)</offset>
          </shadowData>
        </bodyGraphicData>
        <dessicatedBodyGraphicData>
          <texPath>Things/Pawn/Animal/Bear/Dessicated_Bear</texPath>
          <drawSize>2</drawSize>
        </dessicatedBodyGraphicData>
      </li>
      <li>
        <bodyGraphicData>
          <texPath>Things/Pawn/Animal/Bear/Bear</texPath>
          <drawSize>2.7</drawSize>
          <color>(180,180,180)</color>
          <shadowData>
            <volume>(0.8, 0.6, 0.6)</volume>
            <offset>(0,0,-0.3)</offset>
          </shadowData>
        </bodyGraphicData>
        <dessicatedBodyGraphicData>
          <texPath>Things/Pawn/Animal/Bear/Dessicated_Bear</texPath>
          <drawSize>2.7</drawSize>
        </dessicatedBodyGraphicData>
      </li>
    </lifeStages>
  </PawnKindDef>
  
  
</Defs>
