﻿<?xml version="1.0" encoding="utf-8" ?>
<Defs>

  <ThingDef ParentName="AnimalThingBase">
    <defName>Rhinoceros</defName>
    <label>rhinoceros</label>
    <description>Despite being herbivorous, this large mammal is very easy to enrage. Once angered, its massive strength and sharp horn make it a brutal opponent. It has more muscle in one leg than most humans do in their whole body.</description>
    <statBases>
      <MoveSpeed>5.0</MoveSpeed>
      <MarketValue>700</MarketValue>
      <ComfyTemperatureMin>-8</ComfyTemperatureMin>
    </statBases>
    <tools>
      <li>
        <label>horn</label>
        <capacities>
          <li>Scratch</li>
        </capacities>
        <power>19</power>
        <cooldownTime>2</cooldownTime>
        <linkedBodyPartsGroup>HornAttackTool</linkedBodyPartsGroup>
      </li>
      <li>
        <label>horn</label>
        <capacities>
          <li>Blunt</li>
        </capacities>
        <power>19</power>
        <cooldownTime>2</cooldownTime>
        <linkedBodyPartsGroup>HornAttackTool</linkedBodyPartsGroup>
      </li>
      <li>
        <capacities>
          <li>Bite</li>
        </capacities>
        <power>19</power>
        <cooldownTime>2.6</cooldownTime>
        <linkedBodyPartsGroup>Teeth</linkedBodyPartsGroup>
        <chanceFactor>0.7</chanceFactor>
      </li>
      <li>
        <label>head</label>
        <capacities>
          <li>Blunt</li>
        </capacities>
        <power>15</power>
        <cooldownTime>2</cooldownTime>
        <linkedBodyPartsGroup>HeadAttackTool</linkedBodyPartsGroup>
        <ensureLinkedBodyPartsGroupAlwaysUsable>true</ensureLinkedBodyPartsGroupAlwaysUsable>
        <chanceFactor>0.2</chanceFactor>
      </li>
    </tools>
    <race>
      <body>QuadrupedAnimalWithHoovesAndHorn</body>
      <baseHungerRate>1.5</baseHungerRate>
      <baseBodySize>3.0</baseBodySize>
      <baseHealthScale>3.5</baseHealthScale>
      <foodType>VegetarianRoughAnimal</foodType>
      <leatherDef>Leather_Rhinoceros</leatherDef>
      <wildness>0.90</wildness>
      <manhunterOnTameFailChance>0.10</manhunterOnTameFailChance>
      <manhunterOnDamageChance>0.10</manhunterOnDamageChance>
      <gestationPeriodDays>43</gestationPeriodDays>
      <nameOnTameChance>1</nameOnTameChance>
      <lifeExpectancy>45</lifeExpectancy>
      <herdAnimal>true</herdAnimal>
      <lifeStageAges>
        <li>
          <def>AnimalBaby</def>
          <minAge>0</minAge>
        </li>
        <li>
          <def>AnimalJuvenile</def>
          <minAge>0.3</minAge>
        </li>
        <li>
          <def>AnimalAdult</def>
          <minAge>1.0</minAge>
          <soundWounded>Pawn_Rhinoceros_Wounded</soundWounded>
          <soundDeath>Pawn_Rhinoceros_Death</soundDeath>
          <soundCall>Pawn_Rhinoceros_Call</soundCall>
          <soundAngry>Pawn_Rhinoceros_Angry</soundAngry>
        </li>
      </lifeStageAges>
      <soundMeleeHitPawn>Pawn_Melee_BigBash_HitPawn</soundMeleeHitPawn>
      <soundMeleeHitBuilding>Pawn_Melee_BigBash_HitBuilding</soundMeleeHitBuilding>
      <soundMeleeMiss>Pawn_Melee_BigBash_Miss</soundMeleeMiss>
    </race>
    <tradeTags>
      <li>AnimalUncommon</li>
      <li>AnimalFighter</li>
    </tradeTags>
  </ThingDef>
  <PawnKindDef ParentName="AnimalKindBase">
    <defName>Rhinoceros</defName>
    <label>rhinoceros</label>
    <labelPlural>rhinoceroses</labelPlural>
    <race>Rhinoceros</race>
    <combatPower>270</combatPower>
    <ecoSystemWeight>1.5</ecoSystemWeight>
    <wildGroupSize>
      <min>1</min>
      <max>4</max>
    </wildGroupSize>
    <lifeStages>
      <li>
        <bodyGraphicData>
          <texPath>Things/Pawn/Animal/Rhino/Rhino</texPath>
          <drawSize>1.5</drawSize>
          <shadowData>
            <volume>(0.475, 0.2, 0.3)</volume>
            <offset>(0,0,-0.2)</offset>
          </shadowData>
        </bodyGraphicData>
        <dessicatedBodyGraphicData>
          <texPath>Things/Pawn/Animal/Rhino/Dessicated_Rhino</texPath>
          <drawSize>1.5</drawSize>
        </dessicatedBodyGraphicData>
      </li>
      <li>
        <bodyGraphicData>
          <texPath>Things/Pawn/Animal/Rhino/Rhino</texPath>
          <drawSize>2.25</drawSize>
          <shadowData>
            <volume>(0.72, 0.3, 0.45)</volume>
            <offset>(0,0,-0.25)</offset>
          </shadowData>
        </bodyGraphicData>
        <dessicatedBodyGraphicData>
          <texPath>Things/Pawn/Animal/Rhino/Dessicated_Rhino</texPath>
          <drawSize>2.25</drawSize>
        </dessicatedBodyGraphicData>
      </li>
      <li>
        <bodyGraphicData>
          <texPath>Things/Pawn/Animal/Rhino/Rhino</texPath>
          <drawSize>3</drawSize>
          <shadowData>
            <volume>(0.95, 0.4, 0.6)</volume>
            <offset>(0,0,-0.3)</offset>
          </shadowData>
        </bodyGraphicData>
        <dessicatedBodyGraphicData>
          <texPath>Things/Pawn/Animal/Rhino/Dessicated_Rhino</texPath>
          <drawSize>3</drawSize>
        </dessicatedBodyGraphicData>
      </li>
    </lifeStages>
  </PawnKindDef>

  <!-- ============================================================ -->

  <ThingDef ParentName="AnimalThingBase">
    <defName>Elephant</defName>
    <label>elephant</label>
    <description>The largest unmodified land animal. Elephants has a long trunk they use to manipulate objects, and sharp tusks they use to gore attackers. A dead elephant's valuable tusks can be recovered by butchering it.\n\nIntelligent creatures with complex social relationships, elephants can be used as pack animals or trained to carry out the most complex of tasks. They live a long time, and are known to remember events and relationships from many decades before.</description>
    <statBases>
      <MoveSpeed>4.8</MoveSpeed>
      <MarketValue>600</MarketValue>
      <ComfyTemperatureMin>-12</ComfyTemperatureMin>
      <ComfyTemperatureMax>50</ComfyTemperatureMax>
    </statBases>
    <tools>
      <li>
        <label>tusk</label>
        <capacities>
          <li>Scratch</li>
          <li>Stab</li>
        </capacities>
        <power>25</power>
        <cooldownTime>2.6</cooldownTime>
        <linkedBodyPartsGroup>TuskAttackTool</linkedBodyPartsGroup>
      </li>
      <li>
        <label>left foot</label>
        <capacities>
          <li>Blunt</li>
        </capacities>
        <power>16.9</power>
        <cooldownTime>2</cooldownTime>
        <linkedBodyPartsGroup>FrontLeftLeg</linkedBodyPartsGroup>
      </li>
      <li>
        <label>right foot</label>
        <capacities>
          <li>Blunt</li>
        </capacities>
        <power>16.9</power>
        <cooldownTime>2</cooldownTime>
        <linkedBodyPartsGroup>FrontRightLeg</linkedBodyPartsGroup>
      </li>
      <li>
        <label>head</label>
        <capacities>
          <li>Blunt</li>
        </capacities>
        <power>14</power>
        <cooldownTime>2</cooldownTime>
        <linkedBodyPartsGroup>HeadAttackTool</linkedBodyPartsGroup>
        <ensureLinkedBodyPartsGroupAlwaysUsable>true</ensureLinkedBodyPartsGroupAlwaysUsable>
        <chanceFactor>0.2</chanceFactor>
      </li>
    </tools>
    <race>
      <herdAnimal>true</herdAnimal>
      <body>QuadrupedAnimalWithHoovesTusksAndTrunk</body>
      <baseHungerRate>2.0</baseHungerRate>
      <baseBodySize>4.0</baseBodySize>
      <baseHealthScale>3.6</baseHealthScale>
      <foodType>VegetarianRoughAnimal</foodType>
      <leatherDef>Leather_Elephant</leatherDef>
      <gestationPeriodDays>48</gestationPeriodDays>
      <wildness>0.75</wildness>
      <nuzzleMtbHours>48</nuzzleMtbHours>
      <trainability>Advanced</trainability>
      <lifeExpectancy>50</lifeExpectancy>
      <packAnimal>true</packAnimal>
      <manhunterOnTameFailChance>0.10</manhunterOnTameFailChance>
      <manhunterOnDamageChance>0.10</manhunterOnDamageChance>
      <lifeStageAges>
        <li>
          <def>AnimalBaby</def>
          <minAge>0</minAge>
        </li>
        <li>
          <def>AnimalJuvenile</def>
          <minAge>0.8</minAge>
        </li>
        <li>
          <def>AnimalAdult</def>
          <minAge>2.0</minAge>
          <soundWounded>Pawn_Elephant_Injured</soundWounded>
          <soundDeath>Pawn_Elephant_Dead</soundDeath>
          <soundCall>Pawn_Elephant_Call</soundCall>
          <soundAngry>Pawn_Elephant_Angry</soundAngry>
        </li>
      </lifeStageAges>
      <soundMeleeHitPawn>Pawn_Melee_BigBash_HitPawn</soundMeleeHitPawn>
      <soundMeleeHitBuilding>Pawn_Melee_BigBash_HitBuilding</soundMeleeHitBuilding>
      <soundMeleeMiss>Pawn_Melee_BigBash_Miss</soundMeleeMiss>
    </race>
    <tradeTags>
      <li>AnimalUncommon</li>
    </tradeTags>
  </ThingDef>
  <PawnKindDef ParentName="AnimalKindBase">
    <defName>Elephant</defName>
    <label>elephant</label>
    <race>Elephant</race>
    <combatPower>260</combatPower>
    <ecoSystemWeight>2.0</ecoSystemWeight>
    <wildGroupSize>
      <min>3</min>
      <max>7</max>
    </wildGroupSize>
    <lifeStages>
      <li>
        <label>elephant calf</label>
        <bodyGraphicData>
          <texPath>Things/Pawn/Animal/Elephant/Elephant</texPath>
          <color>(130,126,119)</color>
          <drawSize>1.8</drawSize>
          <shadowData>
            <volume>(0.4, 0.3, 0.3)</volume>
            <offset>(0,0,-0.2)</offset>
          </shadowData>
        </bodyGraphicData>
        <dessicatedBodyGraphicData>
          <texPath>Things/Pawn/Animal/Elephant/Dessicated_Elephant</texPath>
          <drawSize>1.8</drawSize>
        </dessicatedBodyGraphicData>
      </li>
      <li>
        <bodyGraphicData>
          <texPath>Things/Pawn/Animal/Elephant/Elephant</texPath>
          <color>(130,126,119)</color>
          <drawSize>2.6</drawSize>
          <shadowData>
            <volume>(0.6, 0.45, 0.45)</volume>
            <offset>(0,0,-0.25)</offset>
          </shadowData>
        </bodyGraphicData>
        <dessicatedBodyGraphicData>
          <texPath>Things/Pawn/Animal/Elephant/Dessicated_Elephant</texPath>
          <drawSize>2.6</drawSize>
        </dessicatedBodyGraphicData>
      </li>
      <li>
        <bodyGraphicData>
          <texPath>Things/Pawn/Animal/Elephant/Elephant</texPath>
          <color>(130,126,119)</color>
          <drawSize>3.8</drawSize>
          <shadowData>
            <volume>(0.8, 0.6, 0.6)</volume>
            <offset>(0,0,-0.3)</offset>
          </shadowData>
        </bodyGraphicData>
        <dessicatedBodyGraphicData>
          <texPath>Things/Pawn/Animal/Elephant/Dessicated_Elephant</texPath>
          <drawSize>3.8</drawSize>
        </dessicatedBodyGraphicData>
        <butcherBodyPart>
          <bodyPartGroup>TuskAttackTool</bodyPartGroup>
          <thing>ElephantTusk</thing>
          <allowFemale>false</allowFemale>
        </butcherBodyPart>
      </li>
    </lifeStages>
  </PawnKindDef>

  <!-- =======================================================-->

  <ThingDef ParentName="AnimalThingBase">
    <defName>Megasloth</defName>
    <label>megasloth</label>
    <description>A giant, solitary herbivore with two giant claws for warding off threats. Long extinct after being wiped out by the natives of Earth's American continent, the megasloth was later brought back using advanced cloning and artificial gestators. Its thick hide is exceptionally strong and insulating, and makes a great leather for cold-weather clothing. It is peaceful if left alone, but will shred anyone who disturbs it with its giant claws.</description>
    <statBases>
      <MoveSpeed>4.8</MoveSpeed>
      <MarketValue>700</MarketValue>
      <ComfyTemperatureMin>-55</ComfyTemperatureMin>
    </statBases>
    <tools>
      <li>
        <label>left claw</label>
        <capacities>
          <li>Scratch</li>
        </capacities>
        <power>21</power>
        <cooldownTime>2</cooldownTime>
        <linkedBodyPartsGroup>FrontLeftPaw</linkedBodyPartsGroup>
      </li>
      <li>
        <label>right claw</label>
        <capacities>
          <li>Scratch</li>
        </capacities>
        <power>21</power>
        <cooldownTime>2</cooldownTime>
        <linkedBodyPartsGroup>FrontRightPaw</linkedBodyPartsGroup>
      </li>
      <li>
        <capacities>
          <li>Bite</li>
        </capacities>
        <power>22</power>
        <cooldownTime>2.6</cooldownTime>
        <linkedBodyPartsGroup>Teeth</linkedBodyPartsGroup>
        <chanceFactor>0.7</chanceFactor>
      </li>
      <li>
        <label>head</label>
        <capacities>
          <li>Blunt</li>
        </capacities>
        <power>15</power>
        <cooldownTime>2</cooldownTime>
        <linkedBodyPartsGroup>HeadAttackTool</linkedBodyPartsGroup>
        <ensureLinkedBodyPartsGroupAlwaysUsable>true</ensureLinkedBodyPartsGroupAlwaysUsable>
        <chanceFactor>0.2</chanceFactor>
      </li>
    </tools>
    <race>
      <body>QuadrupedAnimalWithPawsAndTail</body>
      <baseHungerRate>2.0</baseHungerRate>
      <baseBodySize>4.0</baseBodySize>
      <baseHealthScale>3.6</baseHealthScale>
      <foodType>VegetarianRoughAnimal</foodType>
      <leatherDef>Leather_Heavy</leatherDef>
      <gestationPeriodDays>55</gestationPeriodDays>
      <wildness>0.97</wildness>
      <trainability>Advanced</trainability>
      <nuzzleMtbHours>120</nuzzleMtbHours>
      <lifeExpectancy>20</lifeExpectancy>
      <manhunterOnTameFailChance>0.10</manhunterOnTameFailChance>
      <manhunterOnDamageChance>0.10</manhunterOnDamageChance>
      <lifeStageAges>
        <li>
          <def>AnimalBaby</def>
          <minAge>0</minAge>
        </li>
        <li>
          <def>AnimalJuvenile</def>
          <minAge>1.0</minAge>
        </li>
        <li>
          <def>AnimalAdult</def>
          <minAge>3.0</minAge>
          <soundWounded>Pawn_Thrumbo_Pain</soundWounded>
          <soundDeath>Pawn_Thrumbo_Death</soundDeath>
          <soundCall>Pawn_Thrumbo_Call</soundCall>
          <soundAngry>Pawn_Thrumbo_Angry</soundAngry>
        </li>
      </lifeStageAges>
      <soundMeleeHitPawn>Pawn_Melee_BigBash_HitPawn</soundMeleeHitPawn>
      <soundMeleeHitBuilding>Pawn_Melee_BigBash_HitBuilding</soundMeleeHitBuilding>
      <soundMeleeMiss>Pawn_Melee_BigBash_Miss</soundMeleeMiss>
    </race>
    <comps>
      <li Class="CompProperties_Shearable">
        <woolDef>WoolMegasloth</woolDef>
        <shearIntervalDays>50</shearIntervalDays>
        <woolAmount>400</woolAmount>
      </li>
    </comps>
    <tradeTags>
      <li>AnimalUncommon</li>
      <li>AnimalFighter</li>
    </tradeTags>
  </ThingDef>
  
  <PawnKindDef ParentName="AnimalKindBase">
    <defName>Megasloth</defName>
    <label>megasloth</label>
    <race>Megasloth</race>
    <combatPower>280</combatPower>
    <ecoSystemWeight>2.0</ecoSystemWeight>
    <lifeStages>
      <li>
        <bodyGraphicData>
          <texPath>Things/Pawn/Animal/Megasloth/Megasloth</texPath>
          <drawSize>1.8</drawSize>
          <shadowData>
            <volume>(0.4, 0.3, 0.3)</volume>
            <offset>(0,0,-0.2)</offset>
          </shadowData>
        </bodyGraphicData>
        <dessicatedBodyGraphicData>
          <texPath>Things/Pawn/Animal/Megasloth/Dessicated_Megasloth</texPath>
          <drawSize>1.8</drawSize>
        </dessicatedBodyGraphicData>
      </li>
      <li>
        <bodyGraphicData>
          <texPath>Things/Pawn/Animal/Megasloth/Megasloth</texPath>
          <drawSize>2.6</drawSize>
          <shadowData>
            <volume>(0.6, 0.45, 0.45)</volume>
            <offset>(0,0,-0.25)</offset>
          </shadowData>
        </bodyGraphicData>
        <dessicatedBodyGraphicData>
          <texPath>Things/Pawn/Animal/Megasloth/Dessicated_Megasloth</texPath>
          <drawSize>2.6</drawSize>
        </dessicatedBodyGraphicData>
      </li>
      <li>
        <bodyGraphicData>
          <texPath>Things/Pawn/Animal/Megasloth/Megasloth</texPath>
          <drawSize>3.8</drawSize>
          <shadowData>
            <volume>(0.8, 0.6, 0.6)</volume>
            <offset>(0,0,-0.3)</offset>
          </shadowData>
        </bodyGraphicData>
        <dessicatedBodyGraphicData>
          <texPath>Things/Pawn/Animal/Megasloth/Dessicated_Megasloth</texPath>
          <drawSize>3.8</drawSize>
        </dessicatedBodyGraphicData>
      </li>
    </lifeStages>
  </PawnKindDef>


  <!-- ====================================================== -->

  <ThingDef ParentName="AnimalThingBase">
    <defName>Thrumbo</defName>
    <label>thrumbo</label>
    <description>A gigantic, graceful creature of unknown origin. The thrumbo is gentle by nature, but extremely dangerous when enraged. While its long fur is exceptionally beautiful, its hide is also incredibly resistant to damage. Its razor-sharp horn fetches a huge price.\n\nLegends say that an old thrumbo is the wisest creature in the universe - it simply chooses not to speak.</description>
    <statBases>
      <MoveSpeed>5.5</MoveSpeed>
      <MarketValue>4000</MarketValue>
      <ComfyTemperatureMin>-65</ComfyTemperatureMin>
      <ComfyTemperatureMax>50</ComfyTemperatureMax>
      <ArmorRating_Sharp>0.60</ArmorRating_Sharp>
      <ArmorRating_Blunt>0.40</ArmorRating_Blunt>
      <ArmorRating_Heat>0.30</ArmorRating_Heat>
    </statBases>
    <tools>
      <li>
        <label>horn</label>
        <capacities>
          <li>Scratch</li>
          <li>Stab</li>
        </capacities>
        <power>23</power>
        <cooldownTime>2</cooldownTime>
        <linkedBodyPartsGroup>HornAttackTool</linkedBodyPartsGroup>
      </li>
      <li>
        <capacities>
          <li>Bite</li>
        </capacities>
        <power>28</power>
        <cooldownTime>2.6</cooldownTime>
        <linkedBodyPartsGroup>Teeth</linkedBodyPartsGroup>
        <chanceFactor>0.7</chanceFactor>
      </li>
      <li>
        <label>left foot</label>
        <capacities>
          <li>Blunt</li>
        </capacities>
        <power>19</power>
        <cooldownTime>2</cooldownTime>
        <linkedBodyPartsGroup>FrontLeftLeg</linkedBodyPartsGroup>
      </li>
      <li>
        <label>right foot</label>
        <capacities>
          <li>Blunt</li>
        </capacities>
        <power>19</power>
        <cooldownTime>2</cooldownTime>
        <linkedBodyPartsGroup>FrontRightLeg</linkedBodyPartsGroup>
      </li>
      <li>
        <label>head</label>
        <capacities>
          <li>Blunt</li>
        </capacities>
        <power>17</power>
        <cooldownTime>2</cooldownTime>
        <linkedBodyPartsGroup>HeadAttackTool</linkedBodyPartsGroup>
        <ensureLinkedBodyPartsGroupAlwaysUsable>true</ensureLinkedBodyPartsGroupAlwaysUsable>
        <chanceFactor>0.2</chanceFactor>
      </li>
    </tools>
    <race>
      <body>QuadrupedAnimalWithHoovesAndHorn</body>
      <herdMigrationAllowed>false</herdMigrationAllowed>
      <baseBodySize>4</baseBodySize>
      <baseHungerRate>3.5</baseHungerRate>
      <baseHealthScale>8.0</baseHealthScale>
      <foodType>VegetarianRoughAnimal, DendrovoreAnimal</foodType>
      <leatherDef>Leather_Thrumbo</leatherDef>
      <trainability>Advanced</trainability>
      <gestationPeriodDays>60</gestationPeriodDays>
      <manhunterOnDamageChance>1.00</manhunterOnDamageChance>
      <wildness>0.985</wildness>
      <lifeExpectancy>220</lifeExpectancy>
      <lifeStageAges>
        <li>
          <def>AnimalBaby</def>
          <minAge>0</minAge>
        </li>
        <li>
          <def>AnimalJuvenile</def>
          <minAge>2.0</minAge>
        </li>
        <li>
          <def>AnimalAdult</def>
          <minAge>4.0</minAge>
          <soundCall>Pawn_Thrumbo_Call</soundCall>
          <soundAngry>Pawn_Thrumbo_Angry</soundAngry>
          <soundWounded>Pawn_Thrumbo_Pain</soundWounded>
          <soundDeath>Pawn_Thrumbo_Death</soundDeath>
        </li>
      </lifeStageAges>
      <soundMeleeHitPawn>Pawn_Melee_BigBash_HitPawn</soundMeleeHitPawn>
      <soundMeleeHitBuilding>Pawn_Melee_BigBash_HitBuilding</soundMeleeHitBuilding>
      <soundMeleeMiss>Pawn_Melee_BigBash_Miss</soundMeleeMiss>
    </race>
    <tradeTags>
      <li>AnimalExotic</li>
    </tradeTags>
  </ThingDef>

  <PawnKindDef ParentName="AnimalKindBase">
    <defName>Thrumbo</defName>
    <label>thrumbo</label>
    <race>Thrumbo</race>
    <combatPower>500</combatPower>
		<canArriveManhunter>false</canArriveManhunter>
    <ecoSystemWeight>1</ecoSystemWeight>
    <lifeStages>
      <li>
        <label>thrumbo calf</label>
        <labelPlural>thrumbo calves</labelPlural>
        <bodyGraphicData>
          <texPath>Things/Pawn/Animal/Thrumbo/Thrumbo</texPath>
          <drawSize>2.5</drawSize>
          <shadowData>
            <volume>(0.4, 0.3, 0.3)</volume>
            <offset>(0,0,-0.2)</offset>
          </shadowData>
        </bodyGraphicData>
        <dessicatedBodyGraphicData>
          <texPath>Things/Pawn/Animal/Thrumbo/Dessicated_Thrumbo</texPath>
          <drawSize>2.5</drawSize>
        </dessicatedBodyGraphicData>
      </li>
      <li>
        <bodyGraphicData>
          <texPath>Things/Pawn/Animal/Thrumbo/Thrumbo</texPath>
          <drawSize>4.0</drawSize>
          <shadowData>
            <volume>(0.7, 0.6, 0.4)</volume>
            <offset>(0,0,-0.25)</offset>
          </shadowData>
        </bodyGraphicData>
        <dessicatedBodyGraphicData>
          <texPath>Things/Pawn/Animal/Thrumbo/Dessicated_Thrumbo</texPath>
          <drawSize>4.0</drawSize>
        </dessicatedBodyGraphicData>
      </li>
      <li>
        <bodyGraphicData>
          <texPath>Things/Pawn/Animal/Thrumbo/Thrumbo</texPath>
          <drawSize>4.8</drawSize>
          <shadowData>
            <volume>(1, 0.8, 0.5)</volume>
            <offset>(0,0,-0.5)</offset>
          </shadowData>
        </bodyGraphicData>
        <dessicatedBodyGraphicData>
          <texPath>Things/Pawn/Animal/Thrumbo/Dessicated_Thrumbo</texPath>
          <drawSize>4.8</drawSize>
        </dessicatedBodyGraphicData>
        <butcherBodyPart>
          <bodyPartGroup>HornAttackTool</bodyPartGroup>
          <thing>ThrumboHorn</thing>
        </butcherBodyPart>
      </li>
    </lifeStages>
  </PawnKindDef>
 
</Defs>