﻿<?xml version="1.0" encoding="utf-8" ?>
<Defs>

  <ThingDef ParentName="ResourceBase">
    <defName>Chocolate</defName>
    <label>chocolate</label>
    <description>A delicious preparation of cocoa seeds ground together with sugar and vanilla. It fulfills the need for recreation, but it is not very nutritious.</description>
    <graphicData>
      <texPath>Things/Item/Resource/Chocolate</texPath>
      <graphicClass>Graphic_StackCount</graphicClass>
      <drawSize>0.88</drawSize>
    </graphicData>
    <soundInteract>Standard_Drop</soundInteract>
    <soundDrop>Standard_Drop</soundDrop>
		<socialPropernessMatters>true</socialPropernessMatters>
    <statBases>
      <MaxHitPoints>60</MaxHitPoints>
      <MarketValue>3</MarketValue>
      <Mass>0.075</Mass>
      <Flammability>1.0</Flammability>
      <DeteriorationRate>8</DeteriorationRate>
      <Nutrition>0.1</Nutrition>
    </statBases>
    <thingCategories>
      <li>Foods</li>
    </thingCategories>
    <ingestible>
      <preferability>DesperateOnly</preferability>
      <foodType>Processed</foodType>
      <joy>0.10</joy>
      <joyKind>Gluttonous</joyKind>
      <maxNumToIngestAtOnce>4</maxNumToIngestAtOnce>
      <ingestSound>Meal_Eat</ingestSound>
    </ingestible>
  </ThingDef>

</Defs>
