﻿<?xml version="1.0" encoding="utf-8" ?>
<Defs>

  <ThingDef Name="BodyPartBase" Abstract="True">
    <thingClass>ThingWithComps</thingClass>
    <category>Item</category>
    <useHitPoints>true</useHitPoints>
    <selectable>true</selectable>
    <statBases>
      <MaxHitPoints>50</MaxHitPoints>
      <Flammability>0.7</Flammability>
			<Beauty>-4</Beauty>
		</statBases>
    <altitudeLayer>Item</altitudeLayer>
    <tickerType>Never</tickerType>
    <alwaysHaulable>true</alwaysHaulable>
    <isTechHediff>true</isTechHediff>
    <tradeTags>
      <li>TechHediff</li>
    </tradeTags>
    <comps>
      <li Class="CompProperties_Forbiddable"/>
    </comps>
    <pathCost>10</pathCost>
  </ThingDef>

  <ThingDef Name="BodyPartArtificialBase" ParentName="BodyPartBase" Abstract="True">
    <thingCategories>
      <li>BodyPartsArtificial</li>
    </thingCategories>
		<statBases>
			<DeteriorationRate>2.0</DeteriorationRate>
		</statBases>
  </ThingDef>





  <!-- natural -->

  <ThingDef Name="BodyPartNaturalBase" ParentName="BodyPartBase"  Abstract="True">
    <graphicData>
      <texPath>Things/Item/Health/HealthItemNatural</texPath>
      <graphicClass>Graphic_Single</graphicClass>
      <drawSize>0.80</drawSize>
    </graphicData>
    <thingCategories>
      <li>BodyPartsNatural</li>
    </thingCategories>
    <statBases>
      <DeteriorationRate>4.0</DeteriorationRate>
    </statBases>
  </ThingDef>

  <ThingDef ParentName="BodyPartNaturalBase">
    <defName>Heart</defName>
    <label>heart</label>
    <description>A biological human heart. Pumps blood around the body.</description>
    <statBases>
      <MarketValue>500</MarketValue>
      <Mass>1</Mass>
    </statBases>
  </ThingDef>

  <ThingDef ParentName="BodyPartNaturalBase">
    <defName>Lung</defName>
    <label>lung</label>
    <description>A biological human lung. A pair of these form the core of the human respiratory system.</description>
    <statBases>
      <MarketValue>400</MarketValue>
      <Mass>1</Mass>
    </statBases>
  </ThingDef>

  <ThingDef ParentName="BodyPartNaturalBase">
    <defName>Kidney</defName>
    <label>kidney</label>
    <description>A biological human kidney. Filters and removes waste products from the blood.</description>
    <statBases>
      <MarketValue>250</MarketValue>
      <Mass>1</Mass>
    </statBases>
  </ThingDef>

  <ThingDef ParentName="BodyPartNaturalBase">
    <defName>Liver</defName>
    <label>liver</label>
    <description>A biological human liver. Plays an important role in metabolism.</description>
    <statBases>
      <MarketValue>500</MarketValue>
      <Mass>2</Mass>
    </statBases>
  </ThingDef>

  <!-- simple prosthetics (industrial tech) -->

  <ThingDef Name="BodyPartProstheticBase" ParentName="BodyPartArtificialBase" Abstract="True">
    <graphicData>
      <texPath>Things/Item/Health/HealthItemProsthetic</texPath>
      <graphicClass>Graphic_Single</graphicClass>
      <drawSize>0.80</drawSize>
    </graphicData>
    <recipeMaker>
      <workSpeedStat>SmithingSpeed</workSpeedStat>
      <workSkill>Crafting</workSkill>
      <effectWorking>Smith</effectWorking>
      <soundWorking>Recipe_Smith</soundWorking>
      <recipeUsers>
        <li>TableMachining</li>
      </recipeUsers>
      <skillRequirements>
        <Crafting>5</Crafting>
      </skillRequirements>
      <unfinishedThingDef>UnfinishedComponent</unfinishedThingDef>
      <researchPrerequisite>Prosthetics</researchPrerequisite>
    </recipeMaker>
  </ThingDef>

  <ThingDef ParentName="BodyPartProstheticBase">
    <defName>SimpleProstheticLeg</defName>
    <label>prosthetic leg</label>
    <description>A leg prosthesis. While it lacks a neural interface, its complex arrangement of internal joints allows it to mimic natural movement quite convincingly. Still, it is inferior to a real leg.</description>
    <techLevel>Industrial</techLevel>
    <costList>
      <Steel>40</Steel>
      <ComponentIndustrial>4</ComponentIndustrial>
    </costList>
    <statBases>
      <WorkToMake>11000</WorkToMake>
      <Mass>8</Mass>
    </statBases>
    <techHediffsTags>
      <li>Simple</li>
    </techHediffsTags>
  </ThingDef>

  <ThingDef ParentName="BodyPartProstheticBase">
    <defName>SimpleProstheticArm</defName>
    <label>prosthetic arm</label>
    <description>An arm prosthesis. While it lacks a neural interface, its complex arrangement of internal joints allows it to mimic natural movement quite convincingly. Still, it is inferior to a real arm.</description>
    <techLevel>Industrial</techLevel>
    <costList>
      <Steel>40</Steel>
      <ComponentIndustrial>4</ComponentIndustrial>
    </costList>
    <statBases>
      <WorkToMake>11000</WorkToMake>
      <Mass>5</Mass>
    </statBases>
    <techHediffsTags>
      <li>Simple</li>
    </techHediffsTags>
  </ThingDef>

  <ThingDef ParentName="BodyPartProstheticBase">
    <defName>SimpleProstheticHeart</defName>
    <label>prosthetic heart</label>
    <description>A heart prosthesis. It contains an electric motor that pumps blood smoothly around the body. Users often report feeling tired, but it's better than the alternative.</description>
    <techLevel>Industrial</techLevel>
    <costList>
      <Steel>25</Steel>
      <ComponentIndustrial>4</ComponentIndustrial>
    </costList>
    <statBases>
      <WorkToMake>11000</WorkToMake>
      <Mass>2</Mass>
    </statBases>
    <techHediffsTags>
      <li>Simple</li>
    </techHediffsTags>
  </ThingDef>

  <ThingDef ParentName="BodyPartProstheticBase">
    <defName>CochlearImplant</defName>
    <label>cochlear implant</label>
    <description>An implant which replaces normal hearing. An external microphone transmits a sound signal to electrodes wrapped around the inner ear's auditory sensing nerves. The electrodes stimulate the nerves according to the sound, creating a sensation of hearing. It's not as good as a natural ear, but it's a lot better than being deaf.</description>
    <techLevel>Industrial</techLevel>
    <costList>
      <Steel>20</Steel>
      <ComponentIndustrial>4</ComponentIndustrial>
    </costList>
    <statBases>
      <WorkToMake>11000</WorkToMake>
      <Mass>0.05</Mass>
    </statBases>
    <techHediffsTags>
      <li>Simple</li>
    </techHediffsTags>
  </ThingDef>

  <!-- bionics (spacer tech) -->

  <ThingDef Name="BodyPartBionicBase" ParentName="BodyPartProstheticBase" Abstract="True">
    <graphicData>
      <texPath>Things/Item/Health/HealthItemBionic</texPath>
      <graphicClass>Graphic_Single</graphicClass>
      <drawSize>0.80</drawSize>
    </graphicData>
    <recipeMaker>
      <skillRequirements>
        <Crafting>8</Crafting>
      </skillRequirements>
      <researchPrerequisite>Bionics</researchPrerequisite>
      <recipeUsers Inherit="False">
        <li>FabricationBench</li>
      </recipeUsers>
    </recipeMaker>
  </ThingDef>

  <ThingDef ParentName="BodyPartBionicBase">
    <defName>BionicEye</defName>
    <label>bionic eye</label>
    <description>An advanced artifical eye. With its biogel nerve-link, internal signal pre-processor, and wide-spectrum sensors, it is better than a biological eye in almost every way. A lattice-dust healing system allows it to recover from damage.</description>
    <techLevel>Spacer</techLevel>
    <costList>
      <Plasteel>10</Plasteel>
      <ComponentSpacer>4</ComponentSpacer>
    </costList>
    <statBases>
      <WorkToMake>38000</WorkToMake>
      <Mass>0.3</Mass>
    </statBases>
    <techHediffsTags>
      <li>Advanced</li>
    </techHediffsTags>
  </ThingDef>

  <ThingDef ParentName="BodyPartBionicBase">
    <defName>BionicArm</defName>
    <label>bionic arm</label>
    <description>An advanced artificial arm. Silenced mini-servos give great strength, while the biogel nerve-link gives exquisite control. A lattice-dust healing system allows it to recover from damage. It is better than a biological arm in almost every way.</description>
    <techLevel>Spacer</techLevel>
    <costList> 
      <Plasteel>15</Plasteel>
      <ComponentSpacer>4</ComponentSpacer>
    </costList>
    <statBases>
      <WorkToMake>26000</WorkToMake>
      <Mass>5</Mass>
    </statBases>
    <techHediffsTags>
      <li>Advanced</li>
    </techHediffsTags>
  </ThingDef>

  <ThingDef ParentName="BodyPartBionicBase">
    <defName>BionicLeg</defName>
    <label>bionic leg</label>
    <description>An advanced artificial leg. With its biogel nerve-link, powerful mini-servos, and lattice-dust healing system, it is better than a biological leg in almost every way.</description>
    <techLevel>Spacer</techLevel>
    <costList>
      <Plasteel>15</Plasteel>
      <ComponentSpacer>4</ComponentSpacer>
    </costList>
    <statBases>
      <WorkToMake>26000</WorkToMake>
      <Mass>8</Mass>
    </statBases>
    <techHediffsTags>
      <li>Advanced</li>
    </techHediffsTags>
  </ThingDef>
  
  <ThingDef ParentName="BodyPartBionicBase">
    <defName>BionicSpine</defName>
    <label>bionic spine</label>
    <description>An advanced artificial spine. A biogel nerve bundle runs down an articulated plasteel core, surrounded by a lattice-dust healing system. It matches the performance of a biological spine.</description>
    <techLevel>Spacer</techLevel>
    <costList>
      <Plasteel>15</Plasteel>
      <ComponentSpacer>4</ComponentSpacer>
    </costList>
    <statBases>
      <WorkToMake>26000</WorkToMake>
      <Mass>2</Mass>
    </statBases>
    <techHediffsTags>
      <li>Advanced</li>
    </techHediffsTags>
  </ThingDef>

  <ThingDef ParentName="BodyPartBionicBase">
    <defName>BionicHeart</defName>
    <label>bionic heart</label>
    <description>An advanced artificial heart. It has synthetic muscle fibers for a realistic heartbeat, plus a high-flow pump for rapid circulation during high stress. It is better than a biological heart in almost every way.</description>
    <techLevel>Spacer</techLevel>
    <costList>
      <Plasteel>15</Plasteel>
      <ComponentSpacer>3</ComponentSpacer>
    </costList>
    <statBases>
      <WorkToMake>26000</WorkToMake>
      <Mass>1</Mass>
    </statBases>
    <techHediffsTags>
      <li>Advanced</li>
    </techHediffsTags>
  </ThingDef>

  <ThingDef ParentName="BodyPartBionicBase">
    <defName>BionicStomach</defName>
    <label>bionic stomach</label>
    <description>An advanced artificial stomach. A set of sensors and chemical synthesizers efficiently digest nearly any energy-bearing foodstuff. An integrated lattice-dust healing system automatically repairs any damage caused by the powerful acids. It is better than a biological stomach in almost every way.</description>
    <techLevel>Spacer</techLevel>
    <costList>
      <Plasteel>10</Plasteel>
      <ComponentSpacer>3</ComponentSpacer>
    </costList>
    <statBases>
      <WorkToMake>26000</WorkToMake>
      <Mass>2</Mass>
    </statBases>
    <techHediffsTags>
      <li>Advanced</li>
    </techHediffsTags>
  </ThingDef>

  <ThingDef ParentName="BodyPartBionicBase">
    <defName>BionicEar</defName>
    <label>bionic ear</label>
    <description>An advanced artificial ear implant. A collection of invisible subdermal microphones capture sound and transmit it to a biogel nerve interface that links directly with the auditory nerve. It's sensitive enough to hear a cat before you see it, can't be damaged by loud noise, and automatically tunes itself to pick out meaningful sounds in noisy environments.</description>
    <techLevel>Spacer</techLevel>
    <costList>
      <Plasteel>10</Plasteel>
      <ComponentSpacer>3</ComponentSpacer>
    </costList>
    <statBases>
      <WorkToMake>26000</WorkToMake>
      <Mass>0.1</Mass>
    </statBases>
    <techHediffsTags>
      <li>Advanced</li>
    </techHediffsTags>
  </ThingDef>

  <!-- bionic non-makeable -->

  <ThingDef ParentName="BodyPartArtificialBase">
    <defName>PowerClaw</defName>
    <label>power claw</label>
    <description>A combat-oriented hand replacement consisting of a mechanical hand with a vicious claw on each finger. It is vicious in combat, and its powerful mini-servos can crush a skull like a natural hand crushes an egg. The blades can be retracted, making it as useful as a biological hand for non-combat tasks.</description>
    <techLevel>Spacer</techLevel>
    <graphicData>
      <texPath>Things/Item/Health/HealthItemBionic</texPath>
      <graphicClass>Graphic_Single</graphicClass>
      <drawSize>0.80</drawSize>
    </graphicData>
    <thingSetMakerTags>
      <li>RewardSpecial</li>
    </thingSetMakerTags>
    <statBases>
      <MarketValue>1200</MarketValue>
      <Mass>4</Mass>
    </statBases>
    <techHediffsTags>
      <li>AdvancedWeapon</li>
    </techHediffsTags>
  </ThingDef>

  <!-- archotech -->

  <ThingDef Name="BodyPartArchotechBase" ParentName="BodyPartArtificialBase" Abstract="True">
    <graphicData>
      <texPath>Things/Item/Health/HealthItemArchotech</texPath>
      <graphicClass>Graphic_Single</graphicClass>
      <drawSize>0.80</drawSize>
    </graphicData>
  </ThingDef>

  <ThingDef ParentName="BodyPartArchotechBase">
    <defName>ArchotechEye</defName>
    <label>archotech eye</label>
    <description>An artifical eye built by an archotech. It perceives every type of electromagnetic radiation, including radio waves, infrared, light, x-rays, and gamma rays. Its visual acuity is precise enough to read handwriting from twenty meters away. It can emit various wavelengths of radiation like a flashlight, and has an internal subpersona AI which helps highlight useful visual information. Externally, it looks like a natural human eye, except it can change color at will. Its internal workings are a mystery to all human minds.</description>
    <techLevel>Archotech</techLevel>
    <thingSetMakerTags>
      <li>RewardSpecial</li>
    </thingSetMakerTags>
    <statBases>
      <MarketValue>2800</MarketValue>
      <Mass>0.3</Mass>
    </statBases>
  </ThingDef>

  <ThingDef ParentName="BodyPartArchotechBase">
    <defName>ArchotechArm</defName>
    <label>archotech arm</label>
    <description>An artifical arm built by an archotech. It's strong enough to crush a thick hardwood branch in its hand, and precise enough to write a sonnet on a grain of rice. It looks and feels like natural flesh, but it's harder to damage than plasteel. Even if it is harmed, it repairs itself over time. Its internal workings are a mystery to all human minds.</description>
    <techLevel>Archotech</techLevel>
    <thingSetMakerTags>
      <li>RewardSpecial</li>
    </thingSetMakerTags>
    <statBases>
      <MarketValue>2800</MarketValue>
      <Mass>4</Mass>
    </statBases>
  </ThingDef>

  <ThingDef ParentName="BodyPartArchotechBase">
    <defName>ArchotechLeg</defName>
    <label>archotech leg</label>
    <description>An artifical leg built by an archotech. It looks and feels like natural flesh, but a pair of these can move the user as fast as a decent car, and it's harder to damage than plasteel. Even if it is harmed, it repairs itself over time. Its internal workings are a mystery to all human minds.</description>
    <techLevel>Archotech</techLevel>
    <thingSetMakerTags>
      <li>RewardSpecial</li>
    </thingSetMakerTags>
    <statBases>
      <MarketValue>2800</MarketValue>
      <Mass>7</Mass>
    </statBases>
  </ThingDef>
  
</Defs>
