<?xml version="1.0" encoding="utf-8" ?>
<Defs>

  <SiteCoreDef>
    <defName>PreciousLump</defName>
    <label>lump of precious resources</label>
		<description>A mineable lump of precious resources.</description>
    <siteTexture>World/WorldObjects/Sites/GenericSite</siteTexture>
    <expandingIconTexture>World/WorldObjects/Expanding/Sites/PreciousLump</expandingIconTexture>
    <forceExitAndRemoveMapCountdownDurationDays>10</forceExitAndRemoveMapCountdownDurationDays>
  </SiteCoreDef>

  <GenStepDef>
    <defName>PreciousLump</defName>
    <linkWithSite>PreciousLump</linkWithSite>
    <order>450</order>
    <genStep Class="GenStep_PreciousLump">
      <mineables>
        <li>MineableGold</li>
        <li>MineableSilver</li>
        <li>MineableSteel</li>
        <li>MineablePlasteel</li>
        <li>MineableComponentsIndustrial</li>
        <li>MineableUranium</li>
        <li>MineableJade</li>
      </mineables>
      <totalValueRange><min>3500</min><max>5000</max></totalValueRange>
      <nearMapCenter>true</nearMapCenter>
    </genStep>
  </GenStepDef>

</Defs>
