﻿<?xml version="1.0" encoding="utf-8" ?>
<Defs>

  <MapGeneratorDef ParentName="MapCommonBase">
    <defName>Base_Player</defName>
    <genSteps>
      <li>RocksFromGrid</li>
      <li>ScatterDeepResourceLumps</li>
      <li>ScatterShrines</li>
      <li>CaveHives</li>
    </genSteps>
  </MapGeneratorDef>
  
  <!-- Ancient shrines -->
  <GenStepDef>
    <defName>ScatterShrines</defName>
    <order>400</order>
    <genStep Class="GenStep_ScatterShrines">
			<allowInWaterBiome>false</allowInWaterBiome>
      <countPer10kCellsRange><min>0.12</min><max>0.25</max></countPer10kCellsRange>
    </genStep>
  </GenStepDef>
  
  <!-- Cave hives -->
  <GenStepDef>
    <defName>CaveHives</defName>
    <order>1100</order>
    <genStep Class="GenStep_CaveHives"/>
  </GenStepDef>

</Defs>
