<?xml version="1.0" encoding="utf-8" ?>
<Defs>

  <TraitDef>
    <defName>Nudist</defName>
    <commonality>0.7</commonality>
    <degreeDatas>
      <li>
        <label>nudist</label>
        <description>{PAWN_nameDef} enjoys the feeling of freedom that comes from being nude. {PAWN_pronoun} can handle clothing, but will be happier without it.</description>
      </li>
    </degreeDatas>
  </TraitDef>

  <TraitDef>
    <defName>Bloodlust</defName>
    <commonality>0.8</commonality>
    <degreeDatas>
      <li>
        <label>bloodlust</label>
        <description>{PAWN_nameDef} gets a rush from hurting people, and never minds the sight of blood or death. {PAWN_pronoun} is four times as likely to start a social fight as others.</description>
        <socialFightChanceFactor>4</socialFightChanceFactor>
      </li>
    </degreeDatas>
    <requiredWorkTags>
      <li>Violent</li>
    </requiredWorkTags>
  </TraitDef>

  <TraitDef>
    <defName>Kind</defName>
    <commonality>2</commonality>
    <degreeDatas>
      <li>
        <label>kind</label>
        <description>{PAWN_nameDef} is a nice person. {PAWN_pronoun} has a tendency to brighten everyone else's day and never insults others.</description>
      </li>
    </degreeDatas>
    <conflictingTraits>
      <li>Abrasive</li>
      <li>Psychopath</li>
    </conflictingTraits>
  </TraitDef>

  <TraitDef>
    <defName>Psychopath</defName>
    <degreeDatas>
      <li>
        <label>psychopath</label>
        <description>{PAWN_nameDef} has no empathy. The suffering of others doesn't bother {PAWN_objective} at all. {PAWN_pronoun} doesn't mind if others are butchered, left unburied, imprisoned, or sold to slavery - unless it affects {PAWN_objective}. {PAWN_pronoun} also feels no mood boost from socializing.</description>
      </li>
    </degreeDatas>
  </TraitDef>

  <TraitDef>
    <defName>Cannibal</defName>
    <commonality>0.6</commonality>
    <degreeDatas>
      <li>
        <label>cannibal</label>
        <description>{PAWN_nameDef} was taught that eating human meat is wrong and horrible. But one time, long ago, {PAWN_pronoun} tried it... and {PAWN_pronoun} liked it.</description>
      </li>
    </degreeDatas>
  </TraitDef>

  <TraitDef>
    <defName>Abrasive</defName>
    <degreeDatas>
      <li>
        <label>abrasive</label>
        <description>{PAWN_nameDef} always says exactly what's on {PAWN_possessive} mind, especially if it's bugging {PAWN_objective}. That tends to rub people the wrong way.</description>
				<marketValueFactorOffset>-0.15</marketValueFactorOffset>
			</li>
    </degreeDatas>
    <requiredWorkTags>
      <li>Social</li>
    </requiredWorkTags>
  </TraitDef>

  <TraitDef>
    <defName>TooSmart</defName>
    <degreeDatas>
      <li>
        <label>too smart</label>
        <description>{PAWN_nameDef} is too smart for {PAWN_possessive} own good. {PAWN_pronoun} learns everything much faster than everyone, but can be quite eccentric.</description>
        <statOffsets>
          <GlobalLearningFactor>0.75</GlobalLearningFactor>
          <MentalBreakThreshold>0.12</MentalBreakThreshold>
        </statOffsets>
      </li>
    </degreeDatas>
    <conflictingTraits>
      <li>Nerves</li>
    </conflictingTraits>
    <requiredWorkTags>
      <li>Intellectual</li>
    </requiredWorkTags>
  </TraitDef>

  <TraitDef>
    <defName>Brawler</defName>
    <degreeDatas>
      <li>
        <label>brawler</label>
        <description>{PAWN_nameDef} likes to fight up close and personal. {PAWN_possessive} accuracy is greatly increased in melee combat, but {PAWN_pronoun}'ll be very unhappy if asked to carry a ranged weapon.</description>
        <statOffsets>
          <MeleeHitChance>4</MeleeHitChance>
        </statOffsets>
        <skillGains>
          <li>
            <key>Melee</key>
            <value>4</value>
          </li>
          <li>
            <key>Shooting</key>
            <value>-4</value>
          </li>
        </skillGains>
        <disallowedInspirations>
          <li>Frenzy_Shoot</li>
        </disallowedInspirations>
      </li>
    </degreeDatas>
    <conflictingTraits>
      <li>ShootingAccuracy</li>
			<li>Wimp</li>
    </conflictingTraits>
    <requiredWorkTags>
      <li>Violent</li>
    </requiredWorkTags>
  </TraitDef>

  <TraitDef>
    <defName>Masochist</defName>
    <commonality>0.5</commonality>
    <degreeDatas>
      <li>
        <label>masochist</label>
        <description>For {PAWN_nameDef}, there's something exciting about getting hurt. {PAWN_pronoun} doesn't know why, {PAWN_pronoun}'s just wired differently.</description>
      </li>
    </degreeDatas>
  </TraitDef>

  <TraitDef>
    <defName>NightOwl</defName>
    <commonality>1.3</commonality>
    <degreeDatas>
      <li>
        <label>night owl</label>
        <description>{PAWN_nameDef} likes to be up during the night, and sleep during the day.\n\n{PAWN_pronoun} gets a mood bonus if awake at night (23h-6h) and mood loss if awake during the day (11h-18h).\n\n{PAWN_pronoun} doesn't get a mood penalty for being in the dark.</description>
      </li>
    </degreeDatas>
  </TraitDef>
  
  <TraitDef>
    <defName>Greedy</defName>
    <degreeDatas>
      <li>
        <label>greedy</label>
        <description>{PAWN_nameDef} needs a really impressive bedroom. {PAWN_pronoun} gets a mood loss if {PAWN_pronoun} doesn't get what {PAWN_pronoun} wants.</description>
      </li>
    </degreeDatas>
    <conflictingTraits>
      <li>Ascetic</li>
      <li>Jealous</li>
    </conflictingTraits>
  </TraitDef>
  
  <TraitDef>
    <defName>Jealous</defName>
    <degreeDatas>
      <li>
        <label>jealous</label>
        <description>For {PAWN_nameDef}, it's degrading to have a less impressive bedroom than someone else. {PAWN_pronoun} gets a mood loss if any colonist has a more impressive bedroom.</description>
      </li>
    </degreeDatas>
    <conflictingTraits>
      <li>Ascetic</li>
      <li>Greedy</li>
    </conflictingTraits>
  </TraitDef>
  
  <TraitDef>
    <defName>Ascetic</defName>
    <commonality>0.7</commonality>
    <degreeDatas>
      <li>
        <label>ascetic</label>
        <description>{PAWN_nameDef} prefers to live in asceticism. {PAWN_pronoun} will be put in a poor mood if {PAWN_pronoun} has a bedroom that's too impressive. {PAWN_pronoun} also dislikes fancy food and prefers to eat raw - and raw food won't bother {PAWN_objective} a bit.</description>
      </li>
    </degreeDatas>
    <conflictingTraits>
      <li>Greedy</li>
      <li>Jealous</li>
      <li>Gourmand</li>
    </conflictingTraits>
  </TraitDef>
  
  <TraitDef>
    <defName>Gay</defName>
    <commonality>0.5</commonality>
    <degreeDatas>
      <li>
        <label>gay</label>
        <description>{PAWN_nameDef} is romantically attracted to people of {PAWN_possessive} own gender.</description>
      </li>
    </degreeDatas>
  </TraitDef>

  <TraitDef>
    <defName>AnnoyingVoice</defName>
    <commonality>0.5</commonality>
    <degreeDatas>
      <li>
        <label>annoying voice</label>
        <description>{PAWN_nameDef}'s voice has a particularly grating, nasal quality to it, and {PAWN_pronoun} tends to talk in barked, garbled phrases. This predisposes others to dislike {PAWN_objective}.</description>
				<marketValueFactorOffset>-0.2</marketValueFactorOffset>
			</li>
    </degreeDatas>
  </TraitDef>

  <TraitDef>
    <defName>CreepyBreathing</defName>
    <commonality>0.5</commonality>
    <degreeDatas>
      <li>
        <label>creepy breathing</label>
        <description>{PAWN_nameDef} breathes heavily all the time, and sweats constantly. People find it creepy.</description>
				<marketValueFactorOffset>-0.1</marketValueFactorOffset>
			</li>
    </degreeDatas>
  </TraitDef>
  
  <TraitDef>
    <defName>Pyromaniac</defName>
    <commonality>0.8</commonality>
    <disabledWorkTags>Firefighting</disabledWorkTags>
    <degreeDatas>
      <li>
        <label>pyromaniac</label>
        <description>{PAWN_nameDef} loves fire. {PAWN_pronoun} will never extinguish fires. To relieve stress, {PAWN_pronoun} will occasionally go on random fire starting sprees. This happens more often if {PAWN_possessive} mood is low.</description>
        <theOnlyAllowedMentalBreaks>
          <li>FireStartingSpree</li>
        </theOnlyAllowedMentalBreaks>
        <randomMentalState>FireStartingSpree</randomMentalState>
        <randomMentalStateMtbDaysMoodCurve>
          <points>
            <li>(0, 50)</li>
          </points>
        </randomMentalStateMtbDaysMoodCurve>
				<marketValueFactorOffset>-0.2</marketValueFactorOffset>
			</li>
    </degreeDatas>
  </TraitDef>
    
  <TraitDef>
    <defName>Wimp</defName>
		<allowOnHostileSpawn>false</allowOnHostileSpawn>
    <degreeDatas>
      <li>
        <label>wimp</label>
        <description>{PAWN_nameDef} is weak and cowardly. Even a little pain will immobilize {PAWN_objective}.</description>
        <statOffsets>
          <PainShockThreshold>-0.60</PainShockThreshold>
        </statOffsets>
				<marketValueFactorOffset>-0.15</marketValueFactorOffset>
			</li>
    </degreeDatas>
		<conflictingTraits>
			<li>Brawler</li>
		</conflictingTraits>
  </TraitDef>

	<TraitDef>
		<defName>Nimble</defName>
		<degreeDatas>
			<li>
				<label>nimble</label>
				<description>{PAWN_nameDef} has remarkable kinesthetic intelligence. {PAWN_pronoun} seems to dance around danger with preternatural grace.</description>
				<statOffsets>
					<MeleeDodgeChance>15</MeleeDodgeChance>
				</statOffsets>
			</li>
		</degreeDatas>
	</TraitDef>

	<TraitDef>
		<defName>FastLearner</defName>
		<degreeDatas>
			<li>
				<label>fast learner</label>
				<description>{PAWN_nameDef} has a knack for learning. {PAWN_pronoun} picks things up much faster than others.</description>
				<statOffsets>
					<GlobalLearningFactor>0.75</GlobalLearningFactor>
				</statOffsets>
			</li>
		</degreeDatas>
	</TraitDef>

  <TraitDef>
    <defName>Undergrounder</defName>
    <commonality>0.2</commonality> <!-- Note: There are several backstories that force this trait-->
    <degreeDatas>
      <li>
        <label>undergrounder</label>
        <description>{PAWN_nameDef} has no need to experience the outdoors or light. {PAWN_pronoun} will never feel cooped up or get cabin fever, no matter how long {PAWN_pronoun} stays inside, and is not bothered by darkness.</description>
      </li>
    </degreeDatas>
  </TraitDef>

  <!-- The below really probably should've been spectrum traits -->
  
  <TraitDef>
    <defName>Transhumanist</defName>
    <commonality>0.9</commonality>
    <degreeDatas>
      <li>
        <label>transhumanist</label>
        <description>{PAWN_nameDef} feels limited in {PAWN_possessive} feeble human body. {PAWN_pronoun} often dreams of being enhanced by artificial body parts.</description>
      </li>
    </degreeDatas>
    <conflictingTraits>
      <li>BodyPurist</li>
    </conflictingTraits>
  </TraitDef>

  <TraitDef>
    <defName>BodyPurist</defName>
    <commonality>0.7</commonality>
    <degreeDatas>
      <li>
        <label>body purist</label>
        <description>{PAWN_nameDef} believes the human body is limited for a reason. To {PAWN_objective}, artificial body parts are unethical and disgusting.</description>
      </li>
    </degreeDatas>
    <conflictingTraits>
      <li>Transhumanist</li>
    </conflictingTraits>
  </TraitDef>

  <TraitDef>
    <defName>DislikesMen</defName>
    <commonality>0.3</commonality>
    <commonalityFemale>1.7</commonalityFemale>
    <degreeDatas>
      <li>
        <label>misandrist</label>
        <description>{PAWN_nameDef} really dislikes and distrusts men.</description>
      </li>
    </degreeDatas>
  </TraitDef>

  <TraitDef>
    <defName>DislikesWomen</defName>
    <commonality>1.7</commonality>
    <commonalityFemale>0.3</commonalityFemale>
    <degreeDatas>
      <li>
        <label>misogynist</label>
        <description>{PAWN_nameDef} really dislikes and distrusts women.</description>
      </li>
    </degreeDatas>
  </TraitDef>

  <TraitDef>
    <defName>GreatMemory</defName>
    <commonality>1.1</commonality>
    <degreeDatas>
      <li>
        <label>great memory</label>
        <description>{PAWN_nameDef} has a fantastic memory for detail. {PAWN_pronoun} will lose unused skills at half the rate of other people.</description>
      </li>
    </degreeDatas>
  </TraitDef>

  <TraitDef>
    <defName>Tough</defName>
    <commonality>1.1</commonality>
    <degreeDatas>
      <li>
        <label>tough</label>
        <description>{PAWN_nameDef} has thick skin, dense flesh, and durable bones. {PAWN_pronoun} takes much less damage than other people from the same blows. {PAWN_pronoun} is extremely hard to kill.</description>
      </li>
    </degreeDatas>
  </TraitDef>

  <TraitDef>
    <defName>Gourmand</defName>
    <commonality>1.0</commonality>
    <degreeDatas>
      <li>
        <label>gourmand</label>
        <description>{PAWN_nameDef}'s life revolves around food. {PAWN_pronoun} gets hungry quickly, and will occasionally be overcome with the urge to eat ravenously, even when not hungry.</description>
        <theOnlyAllowedMentalBreaks>
          <li>Binging_Food</li>
        </theOnlyAllowedMentalBreaks>
        <randomMentalState>Binging_Food</randomMentalState>
        <randomMentalStateMtbDaysMoodCurve>
          <points>
            <li>(0, 50)</li>
          </points>
        </randomMentalStateMtbDaysMoodCurve>
        <skillGains>
          <li>
            <key>Cooking</key>
            <value>4</value>
          </li>
        </skillGains>
        <statOffsets>
          <HungerRateMultiplier>0.50</HungerRateMultiplier>
        </statOffsets>
      </li>
    </degreeDatas>
    <conflictingTraits>
      <li>Ascetic</li>
    </conflictingTraits>
  </TraitDef>

  <TraitDef>
    <defName>QuickSleeper</defName>
    <degreeDatas>
      <li>
        <label>quick sleeper</label>
        <description>{PAWN_nameDef} doesn't need as much sleep as the average person. Whether {PAWN_pronoun}'s sleeping on a bed or on the ground, {PAWN_pronoun} will be fully rested in about two thirds the usual time.</description>
        <statOffsets>
          <RestRateMultiplier>0.50</RestRateMultiplier>
        </statOffsets>
      </li>
    </degreeDatas>
  </TraitDef>

</Defs>
