﻿<?xml version="1.0" encoding="utf-8" ?>
<Defs>
  <RulePackDef>
    <defName>Transition_Include</defName>
    <rulePack>
      <rulesStrings>
        <li>duetoa->due to</li>
        <li>duetoa(p=0.5)->because of</li>
        <li>duetoa(p=0.5)->thanks to</li>
      </rulesStrings>
    </rulePack>
  </RulePackDef>
      
  <RulePackDef>
    <defName>Transition_Downed</defName>
    <include>
      <li>Transition_Include</li>
    </include>
    <rulePack>
      <rulesStrings>
        <li>r_logentry->[CULPRITHEDIFF_labelNoun] caused [SUBJECT_definite] to [collapsemeta].</li>
        <li>r_logentry->[CULPRITHEDIFF_labelNounPretty] caused [SUBJECT_definite] to [collapsemeta].</li>

        <li>r_logentry->[SUBJECT_definite] [collapsedmeta] [duetoa] [CULPRITHEDIFF_labelNoun].</li>
        <li>r_logentry->[SUBJECT_definite] [collapsedmeta] [duetoa] [CULPRITHEDIFF_labelNounPretty].</li>

        <li>r_logentry(p=0.1)->[SUBJECT_definite] [collapsedmeta].</li>

        <li>collapse->collapse</li>
        <li>collapse->crumple</li>
        <li>collapse->drop</li>
        <li>collapse(subject_flesh!=Mechanoid)->faint</li>
        <li>collapse(subject_flesh==Mechanoid)->crash</li>
        <li>collapse(subject_flesh==Mechanoid)->bootloop</li>
        <li>collapse(subject_flesh==Mechanoid)->hardlock</li>
        
        <li>collapsed->collapsed</li>
        <li>collapsed->crumpled</li>
        <li>collapsed->dropped</li>
        <li>collapsed(subject_flesh!=Mechanoid)->fainted</li>
        <li>collapsed(subject_flesh==Mechanoid)->crashed</li>
        <li>collapsed(subject_flesh==Mechanoid)->bootlooped</li>
        <li>collapsed(subject_flesh==Mechanoid)->hardlocked</li>

        <li>helplessly->helplessly</li>
        <li>helplessly(subject_flesh!=Mechanoid)->unconscious</li>
        <li>helplessly(subject_flesh!=Mechanoid)->in exhaustion</li>
        <li>helplessly(subject_flesh!=Mechanoid)->weakly</li>
        <li>helplessly(subject_flesh!=Mechanoid)->feebly</li>
        <li>helplessly(subject_flesh==Mechanoid)->uncontrollably</li>

        <li>collapsemeta->[collapse]</li>
        <li>collapsemeta(p=0.5)->[collapse] [helplessly]</li>

        <li>collapsedmeta->[collapsed]</li>
        <li>collapsedmeta(p=0.5)->[collapsed] [helplessly]</li>
      </rulesStrings>
    </rulePack>
  </RulePackDef>

  <RulePackDef>
    <defName>Transition_DiedInclude</defName>
    <include>
      <li>Transition_Include</li>
    </include>
    <rulePack>
      <rulesStrings>
        <li>r_logentry(p=1.5)->[CULPRITHEDIFF_labelNoun] caused [SUBJECT_definite] to [die].</li>
        <li>r_logentry(p=1.5)->[CULPRITHEDIFF_labelNounPretty] caused [SUBJECT_definite] to [die].</li>

        <li>r_logentry->[SUBJECT_definite] [died] [duetoa] [CULPRITHEDIFF_labelNoun] [flavorsuffix].</li>
        <li>r_logentry->[SUBJECT_definite] [died] [duetoa] [CULPRITHEDIFF_labelNounPretty] [flavorsuffix].</li>

        <li>r_logentry->[SUBJECT_definite] [died].</li>
        <li>r_logentry->[SUBJECT_definite] [died] [flavorsuffix].</li>
      </rulesStrings>
    </rulePack>
  </RulePackDef>
  
  <RulePackDef>
    <defName>Transition_Died</defName>
    <include>
      <li>Transition_DiedInclude</li>
    </include>
    <rulePack>
      <rulesStrings>
        <li>die(p=2)->die</li>
        <li>die->perish</li>
        <li>die->expire</li>
        <li>die(subject_flesh!=Mechanoid,p=0.5)->give in to [SUBJECT_possessive] wounds</li>
        <li>die(subject_flesh==Mechanoid,p=0.5)->shut down</li>
        <li>die(subject_flesh==Mechanoid,p=0.5)->stop functioning</li>

        <li>died(p=2)->died</li>
        <li>died->perished</li>
        <li>died(subject_flesh!=Mechanoid)->expired</li>
        <li>died(subject_flesh==Mechanoid)->shut down</li>
        <li>died(subject_flesh==Mechanoid)->stopped functioning</li>
      </rulesStrings>
    </rulePack>
  </RulePackDef>

  <RulePackDef>
    <defName>Transition_DiedExplosive</defName>
    <include>
      <li>Transition_DiedInclude</li>
    </include>
    <rulePack>
      <rulesStrings>
        <li>die(p=3)->explode [flavor]</li>
        <li>die(p=3)->explode [flavorsuffix]</li>
        <li>die->detonate [flavor]</li>
        <li>die->detonate [flavorsuffix]</li>
        <li>die->burst [flavor]</li>
        <li>die->burst [flavorsuffix]</li>
        
        <li>died(p=3)->exploded [flavor]</li>
        <li>died->detonated [flavor]</li>
        <li>died->burst [flavor]</li>

        <li>flavor(p=0.2)->in a chemical [fireball]</li>
        <li>flavor->in a [Color] [fireball]</li>
        <li>flavor->in a [AdjectiveLarge] [fireball]</li>
        <li>flavor(p=4)->in a [fireball]</li>
        <li>flavor(p=4)-></li>

        <li>flavorsuffix->, scattering [pieces] [everywhere]</li>
        <li>flavorsuffix(subject_flesh!=Mechanoid,p=2)->, scattering [Gore] [everywhere]</li>
        <li>flavorsuffix(subject_flesh!=Mechanoid)->, leaving a small pile of [Gore]</li>
        <li>flavorsuffix->, leaving a small crater</li>
        <li>flavorsuffix(p=4)-></li>

        <li>fireball(p=3)->fireball</li>
        <li>fireball->flameball</li>
        <li>fireball->shockwave</li>
        <li>fireball->conflagration</li>

        <li>pieces->pieces</li>
        <li>pieces->fragments</li>

        <li>everywhere->everywhere</li>
        <li>everywhere->far and wide</li>
      </rulesStrings>
    </rulePack>
  </RulePackDef>
</Defs>
