﻿<?xml version="1.0" encoding="utf-8" ?>
<Defs>

  <ThoughtDef>
    <defName>DebugBad</defName>
		<showBubble>true</showBubble>
    <durationDays>1.0</durationDays>
    <stackLimit>100</stackLimit>
    <stackedEffectMultiplier>1</stackedEffectMultiplier>
    <stages>
      <li>
        <label>debug bad thought</label>
        <description>Test thought for debugging.</description>
        <baseMoodEffect>-10</baseMoodEffect>
      </li>
    </stages>
  </ThoughtDef>

  <ThoughtDef>
    <defName>DebugGood</defName>
		<showBubble>true</showBubble>
		<durationDays>1.0</durationDays>
    <stackLimit>100</stackLimit>
    <stackedEffectMultiplier>1</stackedEffectMultiplier>
    <stages>
      <li>
        <label>debug good thought</label>
        <description>Test thought for debugging.</description>
        <baseMoodEffect>10</baseMoodEffect>
      </li>
    </stages>
  </ThoughtDef>
  
</Defs>
