﻿<?xml version="1.0" encoding="utf-8" ?>
<Defs>
	
  <TerrainDef>
    <defName>BrokenAsphalt</defName>
    <label>broken asphalt</label>
    <texturePath>Terrain/Surfaces/BrokenAsphalt</texturePath>
    <layerable>true</layerable>
    <edgeType>FadeRough</edgeType>
    <renderPrecedence>370</renderPrecedence>
    <pathCost>0</pathCost>
    <resourcesFractionWhenDeconstructed>0</resourcesFractionWhenDeconstructed>
    <statBases>
      <Beauty>-1</Beauty>
      <Cleanliness>-2</Cleanliness>
    </statBases>
    <scatterType>Rocky</scatterType>
    <affordances>
      <li>Light</li>
      <li>Medium</li>
      <li>Heavy</li>
    </affordances>
    <fertility>0.0</fertility>
    <tags>
      <li>Road</li>
    </tags>
  </TerrainDef>
  
  <TerrainDef>
    <defName>PackedDirt</defName>
    <label>packed dirt</label>
    <texturePath>Terrain/Surfaces/PackedDirt</texturePath>
    <edgeType>FadeRough</edgeType>
    <renderPrecedence>360</renderPrecedence>
    <pathCost>1</pathCost>
    <resourcesFractionWhenDeconstructed>0</resourcesFractionWhenDeconstructed>
    <statBases>
      <Beauty>-1</Beauty>
      <Cleanliness>-1</Cleanliness>
    </statBases>
    <scatterType>Rocky</scatterType>
    <affordances>
      <li>Light</li>
      <li>Medium</li>
      <li>Heavy</li>
      <li>Diggable</li>
    </affordances>
    <generatedFilth>Filth_Dirt</generatedFilth>
    <fertility>0.0</fertility>
		<tags>
			<li>Road</li>
		</tags>
  </TerrainDef>
	
</Defs>
