﻿<?xml version="1.0" encoding="utf-8" ?>
<Defs>

  <TerrainDef Abstract="True" Name="WaterBase">
    <edgeType>Water</edgeType>
    <acceptFilth>false</acceptFilth>
    <fertility>0</fertility>
    <avoidWander>true</avoidWander>
    <holdSnow>false</holdSnow>
    <takeSplashes>true</takeSplashes>
    <extinguishesFire>true</extinguishesFire>
    <extraDeteriorationFactor>3</extraDeteriorationFactor>
    <traversedThought>SoakingWet</traversedThought>
    <extraNonDraftedPerceivedPathCost>180</extraNonDraftedPerceivedPathCost>
    <extraDraftedPerceivedPathCost>18</extraDraftedPerceivedPathCost>
    <tags>
      <li>Water</li>
    </tags>
    <tools>
      <li>
        <label>water</label>
        <capacities>
          <li>KickMaterialInEyes</li>
        </capacities>
        <hediff>WaterInEyes</hediff>
        <cooldownTime>1.5</cooldownTime>
      </li>
    </tools>
  </TerrainDef>

  <!-- Deep -->

  <TerrainDef Abstract="True" Name="WaterDeepBase" ParentName="WaterBase">
    <texturePath>Terrain/Surfaces/WaterDeepRamp</texturePath>
    <waterDepthShader>Map/WaterDepth</waterDepthShader>
    <passability>Impassable</passability>
    <pathCost>300</pathCost>
    <changeable>false</changeable>
  </TerrainDef>

  <TerrainDef ParentName="WaterDeepBase">
    <defName>WaterDeep</defName>
    <label>deep water</label>
    <renderPrecedence>395</renderPrecedence>
  </TerrainDef>

  <TerrainDef ParentName="WaterDeepBase">
    <defName>WaterOceanDeep</defName>
    <label>deep ocean water</label>
    <renderPrecedence>397</renderPrecedence>
  </TerrainDef>

  <!-- Chest-deep -->
  
  <TerrainDef Abstract="True" Name="WaterChestDeepBase" ParentName="WaterBase">
    <texturePath>Terrain/Surfaces/WaterChestDeepRamp</texturePath>
    <waterDepthShader>Map/WaterDepth</waterDepthShader>
    <pathCost>45</pathCost>
    <affordances>
      <li>Bridgeable</li>
    </affordances>
  </TerrainDef>

  <TerrainDef ParentName="WaterChestDeepBase">
    <defName>WaterMovingChestDeep</defName>
    <label>chest-deep moving water</label>
    <renderPrecedence>399</renderPrecedence>
    <affordances>
      <li>MovingFluid</li>
    </affordances>
    <tags>
      <li>River</li>
    </tags>
    <waterDepthShaderParameters>
      <_UseWaterOffset>1</_UseWaterOffset>
    </waterDepthShaderParameters>
  </TerrainDef>

  <!-- Shallow -->
  
  <TerrainDef Abstract="True" Name="WaterShallowBase" ParentName="WaterBase">
    <pathCost>30</pathCost>
    <affordances>
      <li>ShallowWater</li>
      <li>Bridgeable</li>
    </affordances>
  </TerrainDef>

  <TerrainDef ParentName="WaterShallowBase">
    <defName>WaterShallow</defName>
    <label>shallow water</label>
    <texturePath>Terrain/Surfaces/WaterShallowRamp</texturePath>
    <waterDepthShader>Map/WaterDepth</waterDepthShader>
    <renderPrecedence>394</renderPrecedence>
    <driesTo>Gravel</driesTo>
  </TerrainDef>

  <TerrainDef ParentName="WaterShallowBase">
    <defName>WaterOceanShallow</defName>
    <label>shallow ocean water</label>
    <texturePath>Terrain/Surfaces/WaterShallowRamp</texturePath>
    <waterDepthShader>Map/WaterDepth</waterDepthShader>
    <renderPrecedence>396</renderPrecedence>
    <driesTo>Gravel</driesTo>
  </TerrainDef>

  <TerrainDef ParentName="WaterShallowBase">
    <defName>WaterMovingShallow</defName>
    <label>shallow moving water</label>
    <texturePath>Terrain/Surfaces/WaterShallowRamp</texturePath>
    <waterDepthShader>Map/WaterDepth</waterDepthShader>
    <renderPrecedence>398</renderPrecedence>
    <affordances>
      <li>MovingFluid</li>
    </affordances>
    <tags>
      <li>River</li>
    </tags>
    <waterDepthShaderParameters>
      <_UseWaterOffset>1</_UseWaterOffset>
    </waterDepthShaderParameters>
  </TerrainDef>

  <TerrainDef ParentName="WaterShallowBase">
    <defName>Marsh</defName>
    <label>marsh</label>
    <texturePath>Terrain/Surfaces/Marsh</texturePath>
    <edgeType>FadeRough</edgeType>
    <renderPrecedence>325</renderPrecedence>
    <statBases>
      <Beauty>-2</Beauty>
      <Cleanliness>-2</Cleanliness>
    </statBases>
    <generatedFilth>Filth_Dirt</generatedFilth>
    <fertility>0</fertility>
    <takeFootprints>True</takeFootprints>
    <acceptFilth>false</acceptFilth>
    <avoidWander>true</avoidWander>
    <driesTo>Soil</driesTo>
    <extinguishesFire>true</extinguishesFire>
    <tools>
      <li>
        <label>mud</label>
        <capacities>
          <li>KickMaterialInEyes</li>
        </capacities>
        <hediff>MudInEyes</hediff>
        <cooldownTime>1.5</cooldownTime>
      </li>
    </tools>
  </TerrainDef>
  
</Defs>