﻿<?xml version="1.0" encoding="utf-8" ?>
<Defs>

  <ThingDef ParentName="ApparelBase">
    <defName>Apparel_ShieldBelt</defName>
		<label>shield belt</label>
    <description>A projectile-repulsion device. It will attempt to stop incoming projectiles or shrapnel, but does nothing against melee attacks or heat. It prevents the wearer from firing out, and shuts down instantly if hit by EMP.</description>
		<thingClass>ShieldBelt</thingClass>
		<graphicData>
      <texPath>Things/Pawn/Humanlike/Apparel/ShieldBelt/ShieldBelt</texPath>
      <graphicClass>Graphic_Single</graphicClass>
    </graphicData>
    <tickerType>Normal</tickerType>
    <statBases>
      <Mass>3</Mass>
      <WorkToMake>14000</WorkToMake>
      <Flammability>0.4</Flammability>
      <EnergyShieldRechargeRate>0.13</EnergyShieldRechargeRate>
      <EnergyShieldEnergyMax>1.1</EnergyShieldEnergyMax>
      <EquipDelay>2</EquipDelay>
    </statBases>
    <costList>
      <ComponentIndustrial>2</ComponentIndustrial>
      <Steel>50</Steel>
      <Plasteel>20</Plasteel>
    </costList>
		<recipeMaker>
			<unfinishedThingDef>UnfinishedBelt</unfinishedThingDef>
			<researchPrerequisite>ShieldBelt</researchPrerequisite>
			<workSpeedStat>SmithingSpeed</workSpeedStat>
			<workSkill>Crafting</workSkill>
			<effectWorking>Smith</effectWorking>
			<soundWorking>Recipe_Machining</soundWorking>
			<recipeUsers>
				<li>TableMachining</li>
			</recipeUsers>
      <skillRequirements>
        <Crafting>6</Crafting>
      </skillRequirements>
		</recipeMaker>
    <thingCategories>
      <li>Apparel</li>
    </thingCategories>
    <apparel>
      <careIfWornByCorpse>false</careIfWornByCorpse>
      <bodyPartGroups>
        <li>Waist</li>
      </bodyPartGroups>
      <layers>
        <li>Belt</li>
      </layers>
      <tags>
        <li>BeltDefense</li>
      </tags>
    </apparel>
    <colorGenerator Class="ColorGenerator_Options">
      <options>
        <li>
          <weight>10</weight>
          <only>(0.33,0.33,0.33,1)</only>
        </li>
        <li>
          <weight>10</weight>
          <only>(0.65,0.65,0.65,1)</only>
        </li>
        <li>
          <weight>6</weight>
          <min>(0.3,0.3,0.3,1)</min>
          <max>(0.5,0.5,0.5,1)</max>
        </li>
        <li>
          <weight>10</weight>
          <only>(0.9,0.9,0.9,1)</only>
        </li>
      </options>
    </colorGenerator>
  </ThingDef>

  <ThingDef ParentName="ApparelBase">
    <thingClass>SmokepopBelt</thingClass>
    <defName>Apparel_SmokepopBelt</defName>
    <label>smokepop belt</label>
    <description>An automatic single-use defensive smokescreen. If the wearer is hit by a projectile, it will release a cloud of smoke, obscuring incoming shots and preventing turrets from locking on.</description>
    <techLevel>Industrial</techLevel>
    <recipeMaker>
      <unfinishedThingDef>UnfinishedBelt</unfinishedThingDef>
      <researchPrerequisite>SmokepopBelt</researchPrerequisite>
      <recipeUsers>
        <li>TableMachining</li>
      </recipeUsers>
      <workSpeedStat>SmithingSpeed</workSpeedStat>
      <workSkill>Crafting</workSkill>
      <effectWorking>Smith</effectWorking>
      <soundWorking>Recipe_Smith</soundWorking>
      <skillRequirements>
        <Crafting>3</Crafting>
      </skillRequirements>
    </recipeMaker>
    <costList>
      <ComponentIndustrial>1</ComponentIndustrial>
      <Steel>20</Steel>
      <Chemfuel>40</Chemfuel>
    </costList>
    <graphicData>
      <texPath>Things/Pawn/Humanlike/Apparel/SmokepopBelt/SmokepopBelt</texPath>
      <graphicClass>Graphic_Single</graphicClass>
    </graphicData>
    <tickerType>Normal</tickerType>
    <statBases>
      <WorkToMake>1200</WorkToMake>
      <Mass>3</Mass>
      <Flammability>0.4</Flammability>
      <SmokepopBeltRadius>4</SmokepopBeltRadius>
      <EquipDelay>2</EquipDelay>
    </statBases>
    <thingCategories>
      <li>Apparel</li>
    </thingCategories>
		<generateAllowChance>0.15</generateAllowChance>
    <apparel>
      <careIfWornByCorpse>false</careIfWornByCorpse>
      <bodyPartGroups>
        <li>Waist</li>
      </bodyPartGroups>
      <layers>
        <li>Belt</li>
      </layers>
      <tags>
        <li>BeltDefensePop</li>
      </tags>
    </apparel>
    <colorGenerator Class="ColorGenerator_Options">
      <options>
        <li>
          <weight>10</weight>
          <only>(0.6,0.4,0.4,1)</only>
        </li>
        <li>
          <weight>10</weight>
          <only>(0.6,0.6,0.4,1)</only>
        </li>
        <li>
          <weight>6</weight>
          <min>(0.3,0.3,0.3,1)</min>
          <max>(0.5,0.5,0.5,1)</max>
        </li>
        <li>
          <weight>10</weight>
          <only>(0.33,0.33,0.33,1)</only>
        </li>
      </options>
    </colorGenerator>
  </ThingDef>

</Defs>
