﻿<?xml version="1.0" encoding="utf-8" ?>
<Defs>

  <ThingDef Abstract="True" Name="EtherealThingBase">
    <category>Ethereal</category>
    <useHitPoints>false</useHitPoints>
    <drawerType>None</drawerType>
  </ThingDef>

  <ThingDef ParentName="EtherealThingBase">
    <defName>RectTrigger</defName>
    <label>rect trigger</label>
    <thingClass>RectTrigger</thingClass>
    <tickerType>Normal</tickerType>
  </ThingDef>

  <ThingDef ParentName="EtherealThingBase">
    <defName>TriggerUnfogged</defName>
    <label>trigger unfogged</label>
    <thingClass>TriggerUnfogged</thingClass>
    <tickerType>Normal</tickerType>
  </ThingDef>

  <ThingDef ParentName="EtherealThingBase">
    <defName>Explosion</defName>
    <label>explosion</label>
    <thingClass>Explosion</thingClass>
    <tickerType>Normal</tickerType>
  </ThingDef>

  <ThingDef ParentName="EtherealThingBase">
    <defName>Blight</defName>
    <label>blight</label>
    <thingClass>Blight</thingClass>
    <drawerType>MapMeshOnly</drawerType>
    <tickerType>Long</tickerType>
    <graphicData>
      <texPath>Things/Plant/Blight</texPath>
      <graphicClass>Graphic_Single</graphicClass>
      <shaderType>TransparentPlant</shaderType>
    </graphicData>
  </ThingDef>

  <ThingDef ParentName="EtherealThingBase">
    <defName>Tornado</defName>
    <label>tornado</label>
    <thingClass>Tornado</thingClass>
    <tickerType>Normal</tickerType>
    <drawerType>RealtimeOnly</drawerType>
    <drawOffscreen>true</drawOffscreen>
    <seeThroughFog>true</seeThroughFog>
    <alwaysFlee>true</alwaysFlee>
    <comps>
      <li Class="CompProperties_WindSource" />
    </comps>
  </ThingDef>

  <ThingDef ParentName="EtherealThingBase">
    <defName>TunnelHiveSpawner</defName>
    <label>tunnel</label>
    <thingClass>TunnelHiveSpawner</thingClass>
    <tickerType>Normal</tickerType>
    <drawerType>RealtimeOnly</drawerType>
    <alwaysFlee>true</alwaysFlee>
  </ThingDef>

</Defs>
