﻿<?xml version="1.0" encoding="utf-8" ?>
<Defs>

  <ThingDef Name="SignalActionBase" ParentName="EtherealThingBase" Abstract="True">
    <receivesSignals>true</receivesSignals>
  </ThingDef>

  <ThingDef ParentName="SignalActionBase">
    <defName>SignalAction_Letter</defName>
    <label>signal action - letter</label>
    <thingClass>SignalAction_Letter</thingClass>
  </ThingDef>

  <ThingDef ParentName="SignalActionBase">
    <defName>SignalAction_Ambush</defName>
    <label>signal action - ambush</label>
    <thingClass>SignalAction_Ambush</thingClass>
  </ThingDef>

</Defs>
