﻿<?xml version="1.0" encoding="utf-8" ?>
<Defs>

  <ThingDef Name="BaseGas" Abstract="True">
    <thingClass>Gas</thingClass>
    <label>gas</label>
    <category>Gas</category>
    <altitudeLayer>Gas</altitudeLayer>
    <useHitPoints>false</useHitPoints>
    <tickerType>Normal</tickerType>
    <graphicData>
      <graphicClass>Graphic_Gas</graphicClass>
      <shaderType>Transparent</shaderType>
    </graphicData>
  </ThingDef>

  <ThingDef ParentName="BaseGas">
    <defName>Gas_Smoke</defName>
    <label>smoke</label>
    <graphicData>
      <texPath>Things/Gas/Puff</texPath>
      <drawSize>2.2</drawSize>
      <color>(1.0,1.0,1.0,0.5)</color>
    </graphicData>
    <gas>
      <expireSeconds>
        <min>29</min>
        <max>31</max>
      </expireSeconds>
      <blockTurretTracking>true</blockTurretTracking>
      <accuracyPenalty>0.7</accuracyPenalty>
      <rotationSpeed>10</rotationSpeed>
    </gas>
  </ThingDef>
    
</Defs>
